race_id,race_title,race_date,着順,馬番,馬名,コーナー通過順,上がり3F,単勝オッズ,複勝配当,条件1,条件2,仮説フラグ
202505010101,3歳未勝利,2025/02/01,1,7,サトノシャムロック,5-6,36.9,7.6,330,False,False,False
202505010101,3歳未勝利,2025/02/01,2,4,クラウンハート,10-10,36.4,10.5,340,True,False,False
202505010101,3歳未勝利,2025/02/01,3,10,バーンズベリー,5-4,37.4,71.9,1370,False,False,False
202505010101,3歳未勝利,2025/02/01,4,12,マサノユニコーン,8-9,37.0,233.5,0,False,False,False
202505010101,3歳未勝利,2025/02/01,5,16,キャストロププ,7-7,37.2,9.7,0,False,True,False
202505010101,3歳未勝利,2025/02/01,6,2,ナクライト,4-4,37.7,2.8,0,False,False,False
202505010101,3歳未勝利,2025/02/01,7,15,フェンスブレイカー,2-2,38.0,30.1,0,True,True,True
202505010101,3歳未勝利,2025/02/01,8,14,グリームスター,12-12,37.0,642.9,0,True,False,False
202505010101,3歳未勝利,2025/02/01,9,13,キープサインオン,2-2,38.1,21.3,0,False,False,False
202505010101,3歳未勝利,2025/02/01,10,8,エンジェルラダー,1-1,38.2,2.6,0,False,False,False
202505010101,3歳未勝利,2025/02/01,11,6,レッドソニード,8-7,38.1,14.5,0,False,True,False
202505010101,3歳未勝利,2025/02/01,12,9,スーパーホース,14-14,37.0,354.3,0,False,False,False
202505010101,3歳未勝利,2025/02/01,13,3,ボーマン,10-10,38.2,283.5,0,True,False,False
202505010101,3歳未勝利,2025/02/01,14,1,エソテリック,12-12,38.0,352.1,0,False,False,False
202505010101,3歳未勝利,2025/02/01,15,5,キタノルシール,15-14,37.8,415.2,0,False,False,False
202505010101,3歳未勝利,2025/02/01,16,11,メイショウヒンカク,16-16,37.4,137.2,0,False,False,False
202505010102,3歳未勝利,2025/02/01,1,8,ファミーユウルーズ,2-2-2-2,38.8,6.5,190,True,True,True
202505010102,3歳未勝利,2025/02/01,2,6,シュガーハイ,4-3-3-3,39.2,4.3,170,False,False,False
202505010102,3歳未勝利,2025/02/01,3,5,フィールザゴールド,1-1-1-1,39.7,5.9,190,True,False,False
202505010102,3歳未勝利,2025/02/01,4,14,グロワールスカイ,2-3-3-3,39.8,60.4,0,True,False,False
202505010102,3歳未勝利,2025/02/01,5,11,ネイチャーズロウ,5-6-6-5,39.7,3.9,0,True,False,False
202505010102,3歳未勝利,2025/02/01,6,12,ホークライト,12-12-11-11,39.1,8.7,0,False,True,False
202505010102,3歳未勝利,2025/02/01,7,7,マブアンドフェール,5-6-6-7,39.7,19.4,0,True,True,True
202505010102,3歳未勝利,2025/02/01,8,13,マシェリアムール,10-10-11-12,39.2,246.1,0,False,True,False
202505010102,3歳未勝利,2025/02/01,9,1,カフェノーチェ,12-12-13-12,39.4,12.9,0,False,False,False
202505010102,3歳未勝利,2025/02/01,10,2,オンクラウドナイン,14-14-14-14,39.1,54.3,0,False,True,False
202505010102,3歳未勝利,2025/02/01,11,10,トウショウクラウド,9-8-8-7,40.1,45.0,0,True,False,False
202505010102,3歳未勝利,2025/02/01,12,3,ヘビーキュー,5-8-8-9,40.8,7.8,0,False,False,False
202505010102,3歳未勝利,2025/02/01,13,4,スペースリーガ,10-10-8-9,40.9,80.2,0,True,False,False
202505010102,3歳未勝利,2025/02/01,14,9,ワンダーレイザー,5-5-5-5,42.6,145.7,0,True,False,False
202505010103,3歳未勝利,2025/02/01,1,1,ユーディキウム,4-4,38.4,10.8,420,True,False,False
202505010103,3歳未勝利,2025/02/01,2,10,シャンハイナイト,2-2,38.7,12.4,390,False,False,False
202505010103,3歳未勝利,2025/02/01,3,9,アオイハナミチ,12-12,38.0,309.4,4390,False,False,False
202505010103,3歳未勝利,2025/02/01,4,14,メリーサウンド,7-7,38.7,15.8,0,False,False,False
202505010103,3歳未勝利,2025/02/01,5,5,プリティパール,14-14,37.8,232.7,0,False,True,False
202505010103,3歳未勝利,2025/02/01,6,15,ロフティストーリー,9-7,38.7,5.2,0,True,True,True
202505010103,3歳未勝利,2025/02/01,7,8,ネクストダンサー,12-12,38.4,3.0,0,False,False,False
202505010103,3歳未勝利,2025/02/01,8,12,ウェルカムホーム,4-4,39.4,32.0,0,False,False,False
202505010103,3歳未勝利,2025/02/01,9,2,ボンジュールアスク,11-11,38.8,76.3,0,False,False,False
202505010103,3歳未勝利,2025/02/01,10,3,フィルトラージュ,16-16,38.2,174.3,0,False,False,False
202505010103,3歳未勝利,2025/02/01,11,11,ラッフルズドリーム,9-7,39.7,14.0,0,True,False,False
202505010103,3歳未勝利,2025/02/01,12,13,ユナクイーン,4-4,39.9,104.9,0,True,False,False
202505010103,3歳未勝利,2025/02/01,13,16,フローラルデザイン,7-7,40.1,23.2,0,True,False,False
202505010103,3歳未勝利,2025/02/01,14,6,フィールオーサム,2-2,40.8,3.2,0,False,False,False
202505010103,3歳未勝利,2025/02/01,15,7,ノースカトレア,14-14,39.9,142.1,0,False,False,False
202505010103,3歳未勝利,2025/02/01,16,4,アルデココ,1-1,43.9,310.2,0,False,False,False
202505010104,3歳1勝クラス,2025/02/01,1,8,ヘニーガイスト,4-3,36.1,1.7,110,True,True,True
202505010104,3歳1勝クラス,2025/02/01,2,4,タガノバビロン,10-11,35.5,7.8,180,False,False,False
202505010104,3歳1勝クラス,2025/02/01,3,2,サノノワンダー,10-10,36.2,40.2,400,False,False,False
202505010104,3歳1勝クラス,2025/02/01,4,6,ベリタバグス,8-7,36.3,3.8,0,True,True,True
202505010104,3歳1勝クラス,2025/02/01,5,13,クラリネットソナタ,5-5,37.0,18.7,0,False,True,False
202505010104,3歳1勝クラス,2025/02/01,6,9,バタール,5-7,36.9,16.1,0,False,True,False
202505010104,3歳1勝クラス,2025/02/01,7,10,シンビリーブ,1-1,38.1,22.1,0,True,False,False
202505010104,3歳1勝クラス,2025/02/01,8,7,ロードリベラシオン,8-7,37.7,24.7,0,False,False,False
202505010104,3歳1勝クラス,2025/02/01,9,11,リュキア,2-2,38.8,166.5,0,True,False,False
202505010104,3歳1勝クラス,2025/02/01,10,3,チンプンカンプン,5-6,38.2,152.5,0,True,True,True
202505010104,3歳1勝クラス,2025/02/01,11,12,マリブオレンジ,3-3,38.8,17.7,0,False,False,False
202505010104,3歳1勝クラス,2025/02/01,12,5,イッシンフラン,13-13,38.4,139.8,0,False,False,False
202505010104,3歳1勝クラス,2025/02/01,13,1,アリオーンスマイル,10-12,39.0,597.7,0,False,False,False
202505010105,3歳新馬,2025/02/01,1,8,マテンロウバローズ,4-5,34.7,4.2,150,False,False,False
202505010105,3歳新馬,2025/02/01,2,15,セゾンデフィーユ,7-7,34.6,2.5,130,False,False,False
202505010105,3歳新馬,2025/02/01,3,7,ヴノ,4-3,35.1,10.3,210,False,False,False
202505010105,3歳新馬,2025/02/01,4,4,タカミノガコイ,14-13,34.1,51.7,0,False,False,False
202505010105,3歳新馬,2025/02/01,5,2,ヨカゼ,2-2,35.9,61.1,0,False,False,False
202505010105,3歳新馬,2025/02/01,6,10,ペイシャヴァルワン,8-7,35.4,169.4,0,False,False,False
202505010105,3歳新馬,2025/02/01,7,1,ピースフルゴールド,1-1,36.2,7.8,0,False,False,False
202505010105,3歳新馬,2025/02/01,8,6,ワカムシャ,2-3,35.9,20.0,0,False,False,False
202505010105,3歳新馬,2025/02/01,9,13,ダノンブロッサム,13-12,34.5,5.2,0,False,False,False
202505010105,3歳新馬,2025/02/01,10,14,インマイハート,4-5,36.3,55.0,0,False,False,False
202505010105,3歳新馬,2025/02/01,11,11,カールルイコ,11-11,35.3,147.8,0,False,False,False
202505010105,3歳新馬,2025/02/01,12,5,ファイアーレッド,15-15,35.0,46.3,0,False,False,False
202505010105,3歳新馬,2025/02/01,13,3,ジャヴェール,9-9,36.3,170.8,0,False,False,False
202505010105,3歳新馬,2025/02/01,14,12,ヴェントドーロ,15-15,35.1,151.7,0,False,False,False
202505010105,3歳新馬,2025/02/01,15,16,アスクガンバーレ,12-14,36.4,17.8,0,False,False,False
202505010105,3歳新馬,2025/02/01,16,9,アンスリウムリリー,9-9,37.6,180.0,0,False,False,False
202505010106,3歳未勝利,2025/02/01,1,4,タイセイプランセス,2-2-2,34.0,12.1,320,False,True,False
202505010106,3歳未勝利,2025/02/01,2,12,オプレントジュエル,8-8-7,33.6,3.5,170,False,False,False
202505010106,3歳未勝利,2025/02/01,3,7,カフェロワドール,1-1-1,34.3,18.4,410,False,True,False
202505010106,3歳未勝利,2025/02/01,4,14,マキャベリー,2-2-3,34.1,12.0,0,True,False,False
202505010106,3歳未勝利,2025/02/01,5,11,スペードギニー,5-6-6,34.0,3.3,0,False,True,False
202505010106,3歳未勝利,2025/02/01,6,1,キューティリップ,7-6-7,34.0,4.5,0,False,True,False
202505010106,3歳未勝利,2025/02/01,7,2,ストラスブール,4-4-3,34.5,144.1,0,False,False,False
202505010106,3歳未勝利,2025/02/01,8,13,マイネルアレス,13-13-13,33.5,8.6,0,True,True,True
202505010106,3歳未勝利,2025/02/01,9,3,エポカリーナ,5-4-5,34.4,573.0,0,True,False,False
202505010106,3歳未勝利,2025/02/01,10,8,シンデレラダッシュ,10-11-10,33.7,47.2,0,False,False,False
202505010106,3歳未勝利,2025/02/01,11,6,レディーフランシス,8-8-7,34.2,23.9,0,True,True,True
202505010106,3歳未勝利,2025/02/01,12,15,ナリノボガート,15-15-16,33.6,106.9,0,True,False,False
202505010106,3歳未勝利,2025/02/01,13,9,ピュルテ,10-11-10,34.3,60.8,0,False,False,False
202505010106,3歳未勝利,2025/02/01,14,5,リュウノハミング,10-10-10,34.4,363.0,0,False,False,False
202505010106,3歳未勝利,2025/02/01,15,10,ブライトライツ,15-15-15,35.2,511.9,0,False,False,False
202505010106,3歳未勝利,2025/02/01,16,16,コスモコロネット,13-14-13,35.6,107.4,0,True,False,False
202505010107,4歳以上1勝クラス,2025/02/01,1,8,ゴールデンオスカー,6-6,36.6,3.5,160,False,True,False
202505010107,4歳以上1勝クラス,2025/02/01,2,4,ダイオジェナイト,8-7,36.9,4.7,180,False,True,False
202505010107,4歳以上1勝クラス,2025/02/01,3,14,サトノアルペジオ,8-9,36.9,8.4,220,False,False,False
202505010107,4歳以上1勝クラス,2025/02/01,4,16,ロードブライト,14-14,36.2,81.6,0,False,False,False
202505010107,4歳以上1勝クラス,2025/02/01,5,10,モナコブル,12-12,36.6,32.3,0,False,True,False
202505010107,4歳以上1勝クラス,2025/02/01,6,12,ビッグフラワー,11-9,37.0,52.5,0,False,False,False
202505010107,4歳以上1勝クラス,2025/02/01,7,11,アオカミ,8-9,37.3,22.7,0,False,False,False
202505010107,4歳以上1勝クラス,2025/02/01,8,1,リュクススティール,15-16,36.5,93.2,0,True,False,False
202505010107,4歳以上1勝クラス,2025/02/01,9,13,サンリコリス,7-7,37.8,4.8,0,True,False,False
202505010107,4歳以上1勝クラス,2025/02/01,10,5,アフトクラーティラ,2-2,39.0,34.4,0,False,False,False
202505010107,4歳以上1勝クラス,2025/02/01,11,3,オーロラアーク,12-12,37.6,64.5,0,True,False,False
202505010107,4歳以上1勝クラス,2025/02/01,12,7,ヤルダバオト,15-14,37.7,111.9,0,False,True,False
202505010107,4歳以上1勝クラス,2025/02/01,13,2,アルーリングタイム,1-1,39.9,4.6,0,True,False,False
202505010107,4歳以上1勝クラス,2025/02/01,14,15,スピードパンサー,2-3,41.4,40.8,0,False,False,False
202505010107,4歳以上1勝クラス,2025/02/01,15,6,ショウナンダール,5-4,41.4,40.8,0,False,False,False
202505010107,4歳以上1勝クラス,2025/02/01,16,9,サリーチャン,4-5,41.9,458.7,0,True,False,False
202505010108,4歳以上2勝クラス,2025/02/01,1,11,ハーバーライト,8-8-3-3,36.1,6.9,410,False,False,False
202505010108,4歳以上2勝クラス,2025/02/01,2,10,ティルドーン,1-1-1-1,36.4,6.9,470,False,False,False
202505010108,4歳以上2勝クラス,2025/02/01,3,7,サンライズゴラッソ,10-10-10-8,35.7,20.7,690,True,False,False
202505010108,4歳以上2勝クラス,2025/02/01,4,3,シグムンド,3-3-2-2,36.6,13.3,0,True,False,False
202505010108,4歳以上2勝クラス,2025/02/01,5,4,アスクデビューモア,8-8-10-10,35.8,7.6,0,True,True,True
202505010108,4歳以上2勝クラス,2025/02/01,6,1,マウンテンエース,11-11-8-7,36.7,15.0,0,True,False,False
202505010108,4歳以上2勝クラス,2025/02/01,7,9,ハワイアンタイム,2-2-4-5,36.9,39.4,0,True,False,False
202505010108,4歳以上2勝クラス,2025/02/01,8,5,キャネル,6-6-8-5,37.1,1.9,0,True,True,True
202505010108,4歳以上2勝クラス,2025/02/01,9,8,ユアフラッシュ,4-5-5-8,36.9,14.7,0,False,False,False
202505010108,4歳以上2勝クラス,2025/02/01,10,6,マサハヤウォルズ,5-3-5-4,37.5,132.3,0,True,False,False
202505010108,4歳以上2勝クラス,2025/02/01,11,2,ピュアグルーヴ,6-6-5-11,55.3,40.9,0,True,False,False
202505010109,白嶺ステークス(3勝),2025/02/01,1,8,タガノエスコート,2-2,35.9,8.1,240,False,False,False
202505010109,白嶺ステークス(3勝),2025/02/01,2,6,サクラトップリアル,9-9,34.7,3.3,160,False,True,False
202505010109,白嶺ステークス(3勝),2025/02/01,3,16,ナイトアクアリウム,7-8,35.1,6.4,210,False,True,False
202505010109,白嶺ステークス(3勝),2025/02/01,4,15,コンティノアール,3-3,36.2,7.7,0,True,False,False
202505010109,白嶺ステークス(3勝),2025/02/01,5,12,ヴィヴァン,10-11,34.9,96.3,0,True,False,False
202505010109,白嶺ステークス(3勝),2025/02/01,6,13,ビーアイオラクル,1-1,36.6,14.2,0,False,False,False
202505010109,白嶺ステークス(3勝),2025/02/01,7,7,グランツアーテム,5-5,36.1,50.0,0,False,False,False
202505010109,白嶺ステークス(3勝),2025/02/01,8,11,ラフエイジアン,12-12,35.0,9.0,0,False,True,False
202505010109,白嶺ステークス(3勝),2025/02/01,9,2,リバートゥルー,15-15,34.7,57.6,0,True,False,False
202505010109,白嶺ステークス(3勝),2025/02/01,10,14,メロウヴォイス,4-3,36.5,71.0,0,True,True,True
202505010109,白嶺ステークス(3勝),2025/02/01,11,5,グラウンドビート,10-10,35.6,13.8,0,False,False,False
202505010109,白嶺ステークス(3勝),2025/02/01,12,3,タマモダイジョッキ,7-6,36.3,55.7,0,False,False,False
202505010109,白嶺ステークス(3勝),2025/02/01,13,10,モナルヒ,12-14,35.3,193.3,0,False,False,False
202505010109,白嶺ステークス(3勝),2025/02/01,14,4,ジョディーズマロン,16-16,34.8,7.3,0,False,True,False
202505010109,白嶺ステークス(3勝),2025/02/01,15,1,ゴールドアローン,14-12,35.5,16.0,0,True,True,True
202505010109,白嶺ステークス(3勝),2025/02/01,16,9,ドラゴンゴクウ,6-6,36.6,183.5,0,False,False,False
202505010110,クロッカスステークス(L),2025/02/01,1,3,クラスペディア,1-1,33.6,4.5,180,True,False,False
202505010110,クロッカスステークス(L),2025/02/01,2,2,ティラトーレ,3-3,33.2,2.5,160,False,False,False
202505010110,クロッカスステークス(L),2025/02/01,3,1,プリティディーヴァ,5-5,33.2,2.1,0,False,True,False
202505010110,クロッカスステークス(L),2025/02/01,4,4,ストレイトトーカー,7-6,33.1,10.5,0,True,False,False
202505010110,クロッカスステークス(L),2025/02/01,5,5,スマッシュアウト,2-2,33.8,49.8,0,True,False,False
202505010110,クロッカスステークス(L),2025/02/01,6,6,エイシンワンド,4-4,33.7,17.0,0,False,False,False
202505010110,クロッカスステークス(L),2025/02/01,7,7,フタイテンホイール,6-7,33.9,201.3,0,True,False,False
202505010111,白富士ステークス(L),2025/02/01,1,5,シュトラウス,2-1-1,34.3,5.5,280,False,False,False
202505010111,白富士ステークス(L),2025/02/01,2,6,マイネルモーント,1-4-3,34.2,6.6,210,False,True,False
202505010111,白富士ステークス(L),2025/02/01,3,3,ルージュリナージュ,9-10-10,33.7,13.1,330,True,True,True
202505010111,白富士ステークス(L),2025/02/01,4,4,グランドカリナン,5-7-6,34.2,9.3,0,True,True,True
202505010111,白富士ステークス(L),2025/02/01,5,10,グリューネグリーン,4-2-2,34.8,54.1,0,False,False,False
202505010111,白富士ステークス(L),2025/02/01,6,11,シンリョクカ,5-5-6,34.3,6.3,0,True,False,False
202505010111,白富士ステークス(L),2025/02/01,7,7,ウンブライル,2-5-3,34.5,26.7,0,False,False,False
202505010111,白富士ステークス(L),2025/02/01,8,1,トーセンリョウ,13-11-10,34.1,2.9,0,True,True,True
202505010111,白富士ステークス(L),2025/02/01,9,2,ホウオウノーサイド,11-11-12,34.2,389.3,0,True,False,False
202505010111,白富士ステークス(L),2025/02/01,10,8,グランスラムアスク,5-7-8,34.7,71.5,0,True,False,False
202505010111,白富士ステークス(L),2025/02/01,11,9,トゥデイイズザデイ,11-11-13,34.4,7.8,0,True,False,False
202505010111,白富士ステークス(L),2025/02/01,12,13,レガトゥス,5-2-3,37.9,43.6,0,False,False,False
202505010111,白富士ステークス(L),2025/02/01,13,12,アドマイヤハレー,9-7-8,42.0,64.5,0,False,False,False
202505010112,4歳以上1勝クラス,2025/02/01,1,2,ショウナンラピダス,1-1-1,34.1,52.4,530,True,False,False
202505010112,4歳以上1勝クラス,2025/02/01,2,8,フォルラニーニ,6-3-3,33.8,1.8,110,False,True,False
202505010112,4歳以上1勝クラス,2025/02/01,3,7,レイククレセント,4-4-5,34.0,4.1,150,False,False,False
202505010112,4歳以上1勝クラス,2025/02/01,4,10,バードウォッチャー,11-11-11,33.5,20.0,0,False,True,False
202505010112,4歳以上1勝クラス,2025/02/01,5,1,フォティーゾ,7-8-8,33.9,6.9,0,True,False,False
202505010112,4歳以上1勝クラス,2025/02/01,6,4,クラウドセイル,2-4-3,34.5,73.1,0,False,True,False
202505010112,4歳以上1勝クラス,2025/02/01,7,5,ミスティア,3-2-2,34.8,20.5,0,False,False,False
202505010112,4歳以上1勝クラス,2025/02/01,8,13,マイネルフォルツァ,14-15-12,33.6,65.5,0,True,False,False
202505010112,4歳以上1勝クラス,2025/02/01,9,15,ラパンラピッド,11-13-12,33.8,21.0,0,False,False,False
202505010112,4歳以上1勝クラス,2025/02/01,10,12,ファイナルヒート,11-10-8,34.2,10.9,0,True,False,False
202505010112,4歳以上1勝クラス,2025/02/01,11,14,モアナフリューゲル,14-13-15,33.7,140.4,0,False,False,False
202505010112,4歳以上1勝クラス,2025/02/01,12,3,レッドカメリア,4-6-6,34.6,397.6,0,True,False,False
202505010112,4歳以上1勝クラス,2025/02/01,13,16,ユキノエリザベス,16-16-16,34.4,286.4,0,False,False,False
202505010112,4歳以上1勝クラス,2025/02/01,14,9,アルヴィエンヌ,9-8-8,35.4,201.7,0,True,False,False
202505010112,4歳以上1勝クラス,2025/02/01,15,6,コスモエスメラルダ,7-11-12,36.8,411.7,0,True,False,False
202505010112,4歳以上1勝クラス,2025/02/01,16,11,アンバーホーク,9-6-6,37.7,170.6,0,True,False,False
202505010201,3歳未勝利,2025/02/02,1,2,スマイルディシー,7-8,37.7,13.3,180,False,True,False
202505010201,3歳未勝利,2025/02/02,2,16,アサクサグレース,7-7,37.8,2.0,110,False,True,False
202505010201,3歳未勝利,2025/02/02,3,10,アイアンソリッド,4-6,38.1,3.6,120,False,True,False
202505010201,3歳未勝利,2025/02/02,4,6,ミトノキャット,1-1,38.8,5.9,0,True,False,False
202505010201,3歳未勝利,2025/02/02,5,9,レオネッサ,2-2,38.9,48.3,0,True,False,False
202505010201,3歳未勝利,2025/02/02,6,4,ジーティーグロウ,3-3,39.1,95.3,0,False,False,False
202505010201,3歳未勝利,2025/02/02,7,7,エウテルペ,10-10,38.8,17.4,0,False,False,False
202505010201,3歳未勝利,2025/02/02,8,13,アルフィオーレ,14-14,38.4,294.5,0,False,True,False
202505010201,3歳未勝利,2025/02/02,9,14,ハニーローリエ,4-3,40.0,10.5,0,False,False,False
202505010201,3歳未勝利,2025/02/02,10,3,ゴールドリッカ,7-8,39.8,65.3,0,False,False,False
202505010201,3歳未勝利,2025/02/02,11,12,ウーナファータ,10-12,39.3,209.6,0,False,False,False
202505010201,3歳未勝利,2025/02/02,12,1,マジョッコピロコ,10-10,39.7,238.6,0,True,False,False
202505010201,3歳未勝利,2025/02/02,13,11,オーガスタフラッグ,4-3,40.4,205.0,0,True,False,False
202505010201,3歳未勝利,2025/02/02,14,8,ポルテソレイユ,15-15,38.6,202.0,0,False,False,False
202505010201,3歳未勝利,2025/02/02,15,15,グランドクロス,16-16,38.3,326.9,0,False,False,False
202505010201,3歳未勝利,2025/02/02,16,5,カツノトゥウェルヴ,13-13,40.6,36.8,0,False,False,False
202505010202,4歳以上1勝クラス,2025/02/02,1,9,バナマンテソーロ,1-1-1-1,38.8,3.3,130,False,False,False
202505010202,4歳以上1勝クラス,2025/02/02,2,14,モーメントキャッチ,9-9-8-7,38.1,8.7,200,True,False,False
202505010202,4歳以上1勝クラス,2025/02/02,3,1,クロックフォード,6-6-6-6,38.4,4.8,150,False,True,False
202505010202,4歳以上1勝クラス,2025/02/02,4,11,コスモジンバック,8-7-2-2,39.1,6.2,0,False,True,False
202505010202,4歳以上1勝クラス,2025/02/02,5,13,スターチョウサン,4-4-5-5,39.1,18.1,0,False,False,False
202505010202,4歳以上1勝クラス,2025/02/02,6,6,トゥルース,11-11-10-10,38.6,36.6,0,False,True,False
202505010202,4歳以上1勝クラス,2025/02/02,7,10,ロフティーイデアル,3-2-2-2,39.8,14.0,0,True,True,True
202505010202,4歳以上1勝クラス,2025/02/02,8,2,ブリスキー,2-2-4-4,39.7,8.2,0,False,True,False
202505010202,4歳以上1勝クラス,2025/02/02,9,4,ロードインフェルノ,4-4-6-7,39.6,26.4,0,True,True,True
202505010202,4歳以上1勝クラス,2025/02/02,10,3,マルチライセンス,9-10-11-11,39.7,72.5,0,False,False,False
202505010202,4歳以上1勝クラス,2025/02/02,11,8,ミッキーストライク,6-7-8-7,40.5,12.5,0,True,True,True
202505010202,4歳以上1勝クラス,2025/02/02,12,5,ラファールドール,14-14-13-13,39.0,21.4,0,True,False,False
202505010202,4歳以上1勝クラス,2025/02/02,13,7,タイセイアーサー,12-12-12-12,40.4,73.1,0,True,False,False
202505010202,4歳以上1勝クラス,2025/02/02,14,12,ノーマジック,13-13-14-14,39.7,351.4,0,True,False,False
202505010203,3歳未勝利,2025/02/02,1,10,ルヴァレドクール,2-2,36.7,5.4,210,False,False,False
202505010203,3歳未勝利,2025/02/02,2,11,ホウオウサムレット,6-5,36.9,4.1,170,False,True,False
202505010203,3歳未勝利,2025/02/02,3,9,カーフキック,11-11,36.8,15.8,390,False,True,False
202505010203,3歳未勝利,2025/02/02,4,13,イスキオス,1-1,38.4,3.3,0,False,False,False
202505010203,3歳未勝利,2025/02/02,5,7,プライベートアイズ,8-8,37.7,25.4,0,True,False,False
202505010203,3歳未勝利,2025/02/02,6,8,ブラザービート,5-5,38.1,41.1,0,True,False,False
202505010203,3歳未勝利,2025/02/02,7,3,メモリードライブ,8-10,37.7,240.7,0,False,False,False
202505010203,3歳未勝利,2025/02/02,8,5,ナムラジミー,12-12,37.3,23.4,0,False,True,False
202505010203,3歳未勝利,2025/02/02,9,16,コスモコンフェルマ,3-3,38.6,16.9,0,False,True,False
202505010203,3歳未勝利,2025/02/02,10,4,グラフレナート,6-5,38.4,6.8,0,False,False,False
202505010203,3歳未勝利,2025/02/02,11,1,ジロラータ,3-3,39.3,34.2,0,False,False,False
202505010203,3歳未勝利,2025/02/02,12,15,アストラン,14-12,39.2,138.9,0,True,False,False
202505010203,3歳未勝利,2025/02/02,13,2,アセンブリールーム,12-12,40.0,9.2,0,True,False,False
202505010203,3歳未勝利,2025/02/02,14,14,ニシノプライム,8-8,41.0,286.9,0,False,False,False
202505010203,3歳未勝利,2025/02/02,15,6,スギノペガサス,15-15,40.2,471.5,0,False,False,False
202505010203,3歳未勝利,2025/02/02,16,12,ラブリイビジョン,16-16,39.3,349.0,0,False,False,False
202505010204,3歳新馬,2025/02/02,1,1,ウィテカービート,3-3,38.2,9.3,270,False,False,False
202505010204,3歳新馬,2025/02/02,2,9,シークザドリーム,1-1,38.6,2.4,140,False,False,False
202505010204,3歳新馬,2025/02/02,3,8,プレシャストップ,9-8,37.7,36.3,590,False,False,False
202505010204,3歳新馬,2025/02/02,4,5,エムティエスターテ,5-5,38.5,13.6,0,False,False,False
202505010204,3歳新馬,2025/02/02,5,4,ニシノベニトアイト,7-5,38.6,9.4,0,False,False,False
202505010204,3歳新馬,2025/02/02,6,11,デルマラメール,7-8,38.4,15.1,0,False,False,False
202505010204,3歳新馬,2025/02/02,7,3,マンダレーヒル,5-5,38.7,36.8,0,False,False,False
202505010204,3歳新馬,2025/02/02,8,10,ミラコレジェンヌ,3-3,39.2,78.9,0,False,False,False
202505010204,3歳新馬,2025/02/02,9,16,エクストラチャージ,2-2,40.0,3.6,0,False,False,False
202505010204,3歳新馬,2025/02/02,10,15,ノーブルジェネシス,14-13,39.1,19.2,0,False,False,False
202505010204,3歳新馬,2025/02/02,11,7,ゴールドリバース,11-10,39.7,96.2,0,False,False,False
202505010204,3歳新馬,2025/02/02,12,13,スーパーチャージ,15-15,39.3,30.7,0,False,False,False
202505010204,3歳新馬,2025/02/02,13,12,トルーティクス,13-13,39.7,38.5,0,False,False,False
202505010204,3歳新馬,2025/02/02,14,6,ダノンカローネ,16-16,39.3,72.6,0,False,False,False
202505010204,3歳新馬,2025/02/02,15,2,ジーティーカメリア,9-10,41.3,130.6,0,False,False,False
202505010204,3歳新馬,2025/02/02,16,14,スマイルインザサン,11-10,42.1,153.0,0,False,False,False
202505010205,3歳新馬,2025/02/02,1,13,ダノンセンチュリー,1-1-1,33.7,2.7,120,False,False,False
202505010205,3歳新馬,2025/02/02,2,8,アールヴィヴァン,3-4-4,33.3,4.9,150,False,False,False
202505010205,3歳新馬,2025/02/02,3,12,レッドバンデ,7-7-6,33.6,3.5,130,False,False,False
202505010205,3歳新馬,2025/02/02,4,15,ネポティズムベビー,3-3-2,34.1,19.8,0,False,False,False
202505010205,3歳新馬,2025/02/02,5,10,ジャスティンアロー,2-2-2,34.4,8.3,0,False,False,False
202505010205,3歳新馬,2025/02/02,6,9,エンブレイスメント,5-5-4,34.5,8.7,0,False,False,False
202505010205,3歳新馬,2025/02/02,7,14,マサムネ,9-8-9,34.2,29.7,0,False,False,False
202505010205,3歳新馬,2025/02/02,8,6,ムンディ,11-11-9,34.4,155.3,0,False,False,False
202505010205,3歳新馬,2025/02/02,9,3,ミシャベル,8-8-11,35.0,184.8,0,False,False,False
202505010205,3歳新馬,2025/02/02,10,1,マインドミー,14-12-12,34.8,196.5,0,False,False,False
202505010205,3歳新馬,2025/02/02,11,5,トラストユー,9-10-6,35.6,30.6,0,False,False,False
202505010205,3歳新馬,2025/02/02,12,4,ベラトール,15-14-12,35.0,137.8,0,False,False,False
202505010205,3歳新馬,2025/02/02,13,2,レイネイル,5-6-6,35.7,114.6,0,False,False,False
202505010205,3歳新馬,2025/02/02,14,7,デルマガニメデ,11-12-12,35.3,148.6,0,False,False,False
202505010205,3歳新馬,2025/02/02,15,11,ヒーローレジェンド,13-15-15,35.8,139.9,0,False,False,False
202505010206,3歳未勝利,2025/02/02,1,6,プリムツァール,3-3,34.8,3.4,170,True,True,True
202505010206,3歳未勝利,2025/02/02,2,3,サルーポルティ,6-7,34.9,17.1,410,True,False,False
202505010206,3歳未勝利,2025/02/02,3,13,テンドリームガール,6-5,35.2,52.8,930,False,False,False
202505010206,3歳未勝利,2025/02/02,4,5,ジャサルディア,13-14,34.3,10.0,0,False,False,False
202505010206,3歳未勝利,2025/02/02,5,2,ルトンワージ,12-11,34.8,3.7,0,True,True,True
202505010206,3歳未勝利,2025/02/02,6,12,マイネルレクエルド,2-2,35.9,11.7,0,True,False,False
202505010206,3歳未勝利,2025/02/02,7,16,シャンパングラス,13-11,35.0,112.8,0,True,False,False
202505010206,3歳未勝利,2025/02/02,8,8,ディフューズ,3-5,35.7,63.3,0,False,True,False
202505010206,3歳未勝利,2025/02/02,9,1,ショウナンバージ,9-8,35.2,116.4,0,False,False,False
202505010206,3歳未勝利,2025/02/02,10,7,タベザカリ,10-11,35.2,130.1,0,False,False,False
202505010206,3歳未勝利,2025/02/02,11,11,タイヨウノキセツ,1-1,36.2,3.1,0,False,True,False
202505010206,3歳未勝利,2025/02/02,12,9,キロノヴァ,8-8,35.5,28.0,0,False,True,False
202505010206,3歳未勝利,2025/02/02,13,15,ジュールスレーヴ,15-16,35.0,375.4,0,False,False,False
202505010206,3歳未勝利,2025/02/02,14,14,ヘヴンリーゴール,3-3,36.9,65.1,0,False,False,False
202505010206,3歳未勝利,2025/02/02,15,10,ギフトバスケット,10-8,36.5,125.9,0,False,False,False
202505010206,3歳未勝利,2025/02/02,16,4,ジーティーワラワラ,15-14,36.9,160.3,0,True,False,False
202505010207,4歳以上1勝クラス,2025/02/02,1,12,マスグラバイト,8-8,37.3,3.1,130,False,True,False
202505010207,4歳以上1勝クラス,2025/02/02,2,9,チザルピーノ,2-2,38.6,2.7,130,False,True,False
202505010207,4歳以上1勝クラス,2025/02/02,3,14,ホワイトクロウ,13-12,36.9,23.1,300,False,False,False
202505010207,4歳以上1勝クラス,2025/02/02,4,5,ラッキーヤース,12-10,37.1,13.5,0,False,True,False
202505010207,4歳以上1勝クラス,2025/02/02,5,3,デスティノ,10-10,37.7,28.4,0,True,True,True
202505010207,4歳以上1勝クラス,2025/02/02,6,7,アイウィル,4-3,38.8,15.2,0,True,False,False
202505010207,4歳以上1勝クラス,2025/02/02,7,11,クレイヴィンオナー,16-16,36.9,6.3,0,True,False,False
202505010207,4歳以上1勝クラス,2025/02/02,8,6,ロストボール,15-14,37.1,445.9,0,False,False,False
202505010207,4歳以上1勝クラス,2025/02/02,9,4,スナイチゴールド,13-13,37.8,198.8,0,False,False,False
202505010207,4歳以上1勝クラス,2025/02/02,10,8,ジェンマ,1-1,39.9,85.4,0,False,False,False
202505010207,4歳以上1勝クラス,2025/02/02,11,13,ビーコング,7-5,39.9,123.0,0,False,False,False
202505010207,4歳以上1勝クラス,2025/02/02,12,2,ホウオウエニシ,8-8,40.6,252.1,0,True,False,False
202505010207,4歳以上1勝クラス,2025/02/02,13,16,トクシージェネラル,4-3,41.9,6.8,0,False,False,False
202505010207,4歳以上1勝クラス,2025/02/02,14,10,サイモンプレジール,4-7,41.5,372.1,0,True,False,False
202505010207,4歳以上1勝クラス,2025/02/02,15,1,ヘラクレスノット,10-15,41.9,248.7,0,True,False,False
202505010207,4歳以上1勝クラス,2025/02/02,16,15,シャイニースイフト,3-5,43.4,120.3,0,True,False,False
202505010208,4歳以上2勝クラス,2025/02/02,1,13,アッチャゴーラ,8-7,35.5,2.8,130,False,True,False
202505010208,4歳以上2勝クラス,2025/02/02,2,5,クインズデネブ,10-10,35.3,14.8,250,True,False,False
202505010208,4歳以上2勝クラス,2025/02/02,3,2,セントラルヴァレー,3-3,36.8,3.4,140,False,False,False
202505010208,4歳以上2勝クラス,2025/02/02,4,3,フクノブルジュ,12-12,36.1,62.6,0,False,False,False
202505010208,4歳以上2勝クラス,2025/02/02,5,15,ダノンスウィッチ,3-3,37.4,5.8,0,False,False,False
202505010208,4歳以上2勝クラス,2025/02/02,6,7,フィールザワールド,16-14,36.3,117.3,0,False,False,False
202505010208,4歳以上2勝クラス,2025/02/02,7,14,スペキオサレジーナ,12-12,36.5,39.8,0,True,True,True
202505010208,4歳以上2勝クラス,2025/02/02,8,10,タリエシン,14-14,36.4,216.5,0,False,False,False
202505010208,4歳以上2勝クラス,2025/02/02,9,12,ポリーフォリア,2-2,37.9,26.3,0,False,False,False
202505010208,4歳以上2勝クラス,2025/02/02,10,16,スナークレジスト,3-3,37.8,165.6,0,False,False,False
202505010208,4歳以上2勝クラス,2025/02/02,11,1,ホウオウプレミア,3-3,37.9,8.8,0,False,False,False
202505010208,4歳以上2勝クラス,2025/02/02,12,6,カリフォルニア,1-1,38.2,13.6,0,True,False,False
202505010208,4歳以上2勝クラス,2025/02/02,13,8,モーニングヘイズ,10-10,37.7,18.2,0,False,False,False
202505010208,4歳以上2勝クラス,2025/02/02,14,4,ノーブルラン,14-14,37.4,297.4,0,False,False,False
202505010208,4歳以上2勝クラス,2025/02/02,15,11,ジャスパージェット,7-7,38.5,84.1,0,True,False,False
202505010208,4歳以上2勝クラス,2025/02/02,16,9,ウォルラス,8-7,38.6,53.9,0,False,False,False
202505010209,セントポーリア賞(1勝),2025/02/02,1,11,エネルジコ,9-9-10,34.0,3.0,140,True,True,True
202505010209,セントポーリア賞(1勝),2025/02/02,2,6,ミッキーマドンナ,4-6-7,34.5,3.5,150,True,True,True
202505010209,セントポーリア賞(1勝),2025/02/02,3,12,プレシャスデイ,7-7-8,34.5,18.7,290,True,False,False
202505010209,セントポーリア賞(1勝),2025/02/02,4,5,キングメーカー,2-2-2,35.0,3.6,0,False,True,False
202505010209,セントポーリア賞(1勝),2025/02/02,5,2,コスモイシュタル,4-3-3,34.9,43.5,0,False,True,False
202505010209,セントポーリア賞(1勝),2025/02/02,6,9,ベストシーン,8-7-8,34.8,6.3,0,False,True,False
202505010209,セントポーリア賞(1勝),2025/02/02,7,13,カレンラップスター,11-10-5,35.3,152.7,0,True,False,False
202505010209,セントポーリア賞(1勝),2025/02/02,8,1,ファイアトリック,11-11-12,34.8,97.5,0,True,False,False
202505010209,セントポーリア賞(1勝),2025/02/02,9,4,サトノラポール,4-5-5,35.3,36.0,0,False,False,False
202505010209,セントポーリア賞(1勝),2025/02/02,10,3,ハイタイド,1-1-1,35.8,79.6,0,False,True,False
202505010209,セントポーリア賞(1勝),2025/02/02,11,10,イブニングタイド,2-3-3,35.9,29.9,0,True,True,True
202505010209,セントポーリア賞(1勝),2025/02/02,12,8,シマサンブラック,9-11-10,35.7,19.7,0,False,False,False
202505010209,セントポーリア賞(1勝),2025/02/02,13,7,フレンドシルバー,13-13-13,35.8,444.2,0,True,False,False
202505010210,節分ステークス(3勝),2025/02/02,1,1,オードリーバローズ,3-3,34.3,3.5,170,False,True,False
202505010210,節分ステークス(3勝),2025/02/02,2,10,リサリサ,5-5,34.0,11.4,280,False,False,False
202505010210,節分ステークス(3勝),2025/02/02,3,8,ヴェサリウス,3-4,34.2,10.4,310,False,False,False
202505010210,節分ステークス(3勝),2025/02/02,4,11,ヤマニンデンファレ,7-7,33.9,34.1,0,False,False,False
202505010210,節分ステークス(3勝),2025/02/02,5,2,オーサムストローク,5-5,34.3,35.2,0,False,False,False
202505010210,節分ステークス(3勝),2025/02/02,6,5,サトミノキラリ,11-11,33.6,2.3,0,False,False,False
202505010210,節分ステークス(3勝),2025/02/02,7,4,オメガキャプテン,9-9,33.9,8.6,0,False,False,False
202505010210,節分ステークス(3勝),2025/02/02,8,3,ハクサンバード,1-1,35.4,7.7,0,False,False,False
202505010210,節分ステークス(3勝),2025/02/02,9,6,サウンドブライアン,10-9,34.1,171.4,0,True,False,False
202505010210,節分ステークス(3勝),2025/02/02,10,9,エコロレジーナ,7-7,34.5,27.9,0,False,True,False
202505010210,節分ステークス(3勝),2025/02/02,11,7,スプレモフレイバー,2-2,35.7,37.4,0,False,False,False
202505010211,第39回根岸ステークス(GIII),2025/02/02,1,9,コスタノヴァ,8-7,35.9,4.6,190,False,True,False
202505010211,第39回根岸ステークス(GIII),2025/02/02,2,13,ロードフォンス,9-9,36.5,6.6,220,False,True,False
202505010211,第39回根岸ステークス(GIII),2025/02/02,3,11,アルファマム,14-14,35.7,20.0,460,False,True,False
202505010211,第39回根岸ステークス(GIII),2025/02/02,4,5,サンライズフレイム,2-2,38.0,7.8,0,False,True,False
202505010211,第39回根岸ステークス(GIII),2025/02/02,5,1,クロジシジョー,11-10,36.9,26.0,0,False,True,False
202505010211,第39回根岸ステークス(GIII),2025/02/02,6,8,フリームファクシ,12-12,36.7,2.7,0,False,True,False
202505010211,第39回根岸ステークス(GIII),2025/02/02,7,14,スレイマン,7-7,37.4,26.3,0,True,False,False
202505010211,第39回根岸ステークス(GIII),2025/02/02,8,15,ショウナンライシン,9-11,37.1,85.2,0,False,True,False
202505010211,第39回根岸ステークス(GIII),2025/02/02,9,4,アームズレイン,4-4,38.2,19.8,0,False,False,False
202505010211,第39回根岸ステークス(GIII),2025/02/02,10,12,サトノルフィアン,2-2,38.8,26.8,0,False,False,False
202505010211,第39回根岸ステークス(GIII),2025/02/02,11,3,メイショウテンスイ,5-5,38.3,302.9,0,False,False,False
202505010211,第39回根岸ステークス(GIII),2025/02/02,12,16,スズカコテキタイ,14-14,36.9,282.4,0,False,False,False
202505010211,第39回根岸ステークス(GIII),2025/02/02,13,2,ドンフランキー,1-1,39.5,9.1,0,False,False,False
202505010211,第39回根岸ステークス(GIII),2025/02/02,14,7,エイシンスポッター,13-13,37.7,103.8,0,True,False,False
202505010211,第39回根岸ステークス(GIII),2025/02/02,15,6,バルサムノート,6-6,40.0,77.0,0,True,False,False
202505010211,第39回根岸ステークス(GIII),2025/02/02,中,10,タガノビューティー,,,30.3,0,False,True,False
202505010212,4歳以上2勝クラス,2025/02/02,1,3,スパークリシャール,6-5-3,35.6,3.2,130,True,True,True
202505010212,4歳以上2勝クラス,2025/02/02,2,4,アヴニールドブリエ,10-10-9,34.8,3.2,120,True,True,True
202505010212,4歳以上2勝クラス,2025/02/02,3,1,オウケンボルト,2-2-2,35.9,3.4,120,True,False,False
202505010212,4歳以上2勝クラス,2025/02/02,4,6,ボクラヲツナグモノ,9-8-9,35.2,8.7,0,True,True,True
202505010212,4歳以上2勝クラス,2025/02/02,5,9,マイネルトルファン,4-6-6,35.7,8.1,0,False,False,False
202505010212,4歳以上2勝クラス,2025/02/02,6,2,ネイサン,4-3-3,36.2,60.5,0,True,False,False
202505010212,4歳以上2勝クラス,2025/02/02,7,5,ラーテル,8-8-7,36.3,99.8,0,True,False,False
202505010212,4歳以上2勝クラス,2025/02/02,8,7,スカパラダイス,3-3-3,37.3,50.0,0,False,False,False
202505010212,4歳以上2勝クラス,2025/02/02,9,8,メタルスパーク,6-7-7,36.9,48.2,0,True,False,False
202505010212,4歳以上2勝クラス,2025/02/02,10,10,モデルハント,1-1-1,38.6,23.5,0,False,False,False
202505010301,3歳未勝利,2025/02/08,1,9,セギレエルビエント,1-1,37.6,1.8,110,False,True,False
202505010301,3歳未勝利,2025/02/08,2,12,シュレン,6-6,37.3,3.7,130,False,True,False
202505010301,3歳未勝利,2025/02/08,3,10,ガラク,4-5,37.7,165.8,2100,False,False,False
202505010301,3歳未勝利,2025/02/08,4,3,ルージュアマリア,8-11,37.1,55.1,0,False,False,False
202505010301,3歳未勝利,2025/02/08,5,6,オブシディアーナ,6-7,37.7,10.4,0,False,False,False
202505010301,3歳未勝利,2025/02/08,6,13,ペイシャケリー,11-8,37.9,131.0,0,False,False,False
202505010301,3歳未勝利,2025/02/08,7,8,クリノフローレンス,8-8,38.1,185.2,0,False,False,False
202505010301,3歳未勝利,2025/02/08,8,16,ティアップマッハ,3-3,39.1,53.6,0,False,False,False
202505010301,3歳未勝利,2025/02/08,9,7,ロゴモコ,2-2,39.5,65.1,0,False,False,False
202505010301,3歳未勝利,2025/02/08,10,2,ラナイ,11-12,38.4,12.4,0,False,False,False
202505010301,3歳未勝利,2025/02/08,11,14,ピコグリーン,4-4,39.6,6.3,0,False,True,False
202505010301,3歳未勝利,2025/02/08,12,15,バルトゥール,8-8,38.9,62.7,0,True,False,False
202505010301,3歳未勝利,2025/02/08,13,4,リコリスラジアータ,15-15,38.5,308.5,0,False,False,False
202505010301,3歳未勝利,2025/02/08,14,11,ハイエストランク,14-12,39.0,112.8,0,False,False,False
202505010301,3歳未勝利,2025/02/08,15,5,エスケンダンス,15-16,38.7,378.0,0,False,False,False
202505010301,3歳未勝利,2025/02/08,16,1,ベルツリー,13-14,39.5,46.9,0,False,False,False
202505010302,3歳未勝利,2025/02/08,1,15,エポカスピーガ,4-5,38.1,12.2,480,False,False,False
202505010302,3歳未勝利,2025/02/08,2,3,アリアルブラック,10-6,37.9,5.3,250,True,False,False
202505010302,3歳未勝利,2025/02/08,3,1,ロジステート,1-1,39.4,43.5,1060,True,False,False
202505010302,3歳未勝利,2025/02/08,4,4,ナインオブレター,5-3,39.1,2.8,0,False,False,False
202505010302,3歳未勝利,2025/02/08,5,10,クリーンリーチ,3-3,39.4,22.6,0,False,False,False
202505010302,3歳未勝利,2025/02/08,6,8,ハクサンリバーブ,5-6,39.2,6.8,0,False,False,False
202505010302,3歳未勝利,2025/02/08,7,9,モモクロオー,13-13,38.0,316.0,0,False,False,False
202505010302,3歳未勝利,2025/02/08,8,2,カプア,12-11,39.1,12.2,0,False,True,False
202505010302,3歳未勝利,2025/02/08,9,16,ペタルビジュー,8-8,39.4,58.3,0,False,False,False
202505010302,3歳未勝利,2025/02/08,10,13,ビスケットマリー,14-13,38.2,168.9,0,False,False,False
202505010302,3歳未勝利,2025/02/08,11,14,ボンボニエーレ,5-8,39.5,337.2,0,False,False,False
202505010302,3歳未勝利,2025/02/08,12,11,フラッシュタイム,8-10,39.4,7.6,0,False,False,False
202505010302,3歳未勝利,2025/02/08,13,12,シアトルプリンセス,16-16,38.3,283.4,0,False,False,False
202505010302,3歳未勝利,2025/02/08,14,7,スイングボーイ,14-13,39.4,338.6,0,True,False,False
202505010302,3歳未勝利,2025/02/08,15,5,セイウンオスミウム,10-12,41.9,167.1,0,True,False,False
202505010302,3歳未勝利,2025/02/08,16,6,ドリームアンコール,2-2,45.2,6.0,0,False,False,False
202505010303,3歳未勝利,2025/02/08,1,13,アドマイヤデイトナ,2-2,37.5,1.1,100,False,True,False
202505010303,3歳未勝利,2025/02/08,2,16,サトミノエンジェル,9-8,37.4,17.9,150,True,False,False
202505010303,3歳未勝利,2025/02/08,3,2,トーセンペネロペ,5-5,38.4,275.2,1090,False,False,False
202505010303,3歳未勝利,2025/02/08,4,1,スティーヴバローズ,4-3,38.6,18.4,0,True,False,False
202505010303,3歳未勝利,2025/02/08,5,3,キョウエイスレーヴ,11-11,37.5,60.1,0,False,True,False
202505010303,3歳未勝利,2025/02/08,6,15,グラスビジョン,10-10,38.8,182.6,0,True,False,False
202505010303,3歳未勝利,2025/02/08,7,10,サンマルストロング,5-3,39.8,97.3,0,True,False,False
202505010303,3歳未勝利,2025/02/08,8,5,セイウンピカイチ,13-13,38.9,222.1,0,True,False,False
202505010303,3歳未勝利,2025/02/08,9,11,カフェヘニーハイ,12-12,39.0,90.6,0,False,False,False
202505010303,3歳未勝利,2025/02/08,10,6,ハクサンミラクル,1-1,41.0,214.6,0,True,False,False
202505010303,3歳未勝利,2025/02/08,11,14,リンガスマイル,15-15,38.9,123.2,0,False,False,False
202505010303,3歳未勝利,2025/02/08,12,8,ミュージックマン,5-8,40.9,274.9,0,False,True,False
202505010303,3歳未勝利,2025/02/08,13,9,プレミアブルー,8-6,41.3,81.0,0,False,False,False
202505010303,3歳未勝利,2025/02/08,14,12,カラジシ,13-14,40.5,401.0,0,False,False,False
202505010303,3歳未勝利,2025/02/08,15,7,ルナティックアイ,2-6,42.7,120.5,0,False,False,False
202505010303,3歳未勝利,2025/02/08,中,4,シングンラオウ,,,226.2,0,False,False,False
202505010304,4歳以上1勝クラス,2025/02/08,1,6,アルドール,2-2,38.1,4.5,150,False,False,False
202505010304,4歳以上1勝クラス,2025/02/08,2,11,プチブール,9-8,37.4,3.3,140,False,False,False
202505010304,4歳以上1勝クラス,2025/02/08,3,10,アトリウムチャペル,3-3,37.9,4.0,170,False,True,False
202505010304,4歳以上1勝クラス,2025/02/08,4,12,ラズライト,5-5,37.9,6.3,0,False,False,False
202505010304,4歳以上1勝クラス,2025/02/08,5,7,サンセットブライト,11-11,37.5,15.0,0,False,False,False
202505010304,4歳以上1勝クラス,2025/02/08,6,3,キョウエイフロイデ,16-16,37.3,6.2,0,False,True,False
202505010304,4歳以上1勝クラス,2025/02/08,7,4,サンロレンツォ,14-14,37.8,28.8,0,False,False,False
202505010304,4歳以上1勝クラス,2025/02/08,8,9,キセキノエンジェル,8-5,38.7,272.3,0,False,False,False
202505010304,4歳以上1勝クラス,2025/02/08,9,15,ネクストヒロイン,9-8,39.2,90.7,0,True,False,False
202505010304,4歳以上1勝クラス,2025/02/08,10,1,プチボヌール,11-12,39.3,108.3,0,True,False,False
202505010304,4歳以上1勝クラス,2025/02/08,11,2,ジャンビ,5-8,39.9,276.4,0,True,False,False
202505010304,4歳以上1勝クラス,2025/02/08,12,14,サンマルソムニア,13-12,39.5,180.9,0,False,True,False
202505010304,4歳以上1勝クラス,2025/02/08,13,13,ロザシアニン,3-3,40.5,357.9,0,False,False,False
202505010304,4歳以上1勝クラス,2025/02/08,14,8,ピクラリーダ,1-1,41.0,118.4,0,True,False,False
202505010304,4歳以上1勝クラス,2025/02/08,15,5,スペシャリスト,15-15,39.6,69.6,0,True,False,False
202505010304,4歳以上1勝クラス,2025/02/08,16,16,レジュークレール,5-5,41.4,100.0,0,True,False,False
202505010305,3歳新馬,2025/02/08,1,5,レディネス,8-11-10,33.7,1.9,110,False,False,False
202505010305,3歳新馬,2025/02/08,2,3,アローグレイシャー,2-3-2,34.5,6.1,140,False,False,False
202505010305,3歳新馬,2025/02/08,3,11,イリュストル,13-2-2,34.6,5.6,160,False,False,False
202505010305,3歳新馬,2025/02/08,4,1,デルマケセラセラ,2-4-6,34.6,15.2,0,False,False,False
202505010305,3歳新馬,2025/02/08,5,6,ワーキングデライト,16-11-10,34.2,49.3,0,False,False,False
202505010305,3歳新馬,2025/02/08,6,2,スタンピー,6-8-9,34.5,20.5,0,False,False,False
202505010305,3歳新馬,2025/02/08,7,8,イルヴィゴーレ,6-6-7,35.6,8.3,0,False,False,False
202505010305,3歳新馬,2025/02/08,8,16,イドリス,8-9-10,35.4,57.6,0,False,False,False
202505010305,3歳新馬,2025/02/08,9,13,レジリエント,1-1-1,36.5,74.6,0,False,False,False
202505010305,3歳新馬,2025/02/08,10,12,ミヤビバエル,13-11-13,35.5,134.1,0,False,False,False
202505010305,3歳新馬,2025/02/08,11,14,ドラゴンバスター,2-4-4,36.4,232.2,0,False,False,False
202505010305,3歳新馬,2025/02/08,12,4,ヒンメル,13-15-15,35.1,93.1,0,False,False,False
202505010305,3歳新馬,2025/02/08,13,15,サクラコーラル,5-6-4,36.7,16.8,0,False,False,False
202505010305,3歳新馬,2025/02/08,14,9,ミスベレザ,11-16-16,35.3,62.0,0,False,False,False
202505010305,3歳新馬,2025/02/08,15,7,タイショウロマン,11-14-14,35.9,176.7,0,False,False,False
202505010305,3歳新馬,2025/02/08,16,10,ゴールドジェネラル,8-9-7,36.6,137.9,0,False,False,False
202505010306,3歳未勝利,2025/02/08,1,10,アロンズロッド,9-4-4-4,34.6,2.4,110,True,True,True
202505010306,3歳未勝利,2025/02/08,2,15,インパクトシー,1-1-1-1,35.4,4.1,130,True,True,True
202505010306,3歳未勝利,2025/02/08,3,5,ニヴルヘイム,6-8-8-7,35.2,3.5,110,False,True,False
202505010306,3歳未勝利,2025/02/08,4,1,オリオアルセーリオ,10-10-12-11,35.0,38.1,0,False,True,False
202505010306,3歳未勝利,2025/02/08,5,14,ダノンアンチュラス,13-13-13-13,35.0,9.8,0,False,False,False
202505010306,3歳未勝利,2025/02/08,6,4,リアライズハロック,12-12-5-5,35.7,62.9,0,False,True,False
202505010306,3歳未勝利,2025/02/08,7,11,クラレット,4-6-6-5,35.8,118.4,0,True,True,True
202505010306,3歳未勝利,2025/02/08,8,16,ピティロディア,14-15-14-13,35.1,45.6,0,False,True,False
202505010306,3歳未勝利,2025/02/08,9,2,ポッドロワール,3-3-3-2,36.5,12.6,0,False,False,False
202505010306,3歳未勝利,2025/02/08,10,3,ヴィーデ,2-2-2-2,36.6,33.9,0,False,False,False
202505010306,3歳未勝利,2025/02/08,11,18,フィエールガール,17-16-16-16,35.2,450.3,0,False,False,False
202505010306,3歳未勝利,2025/02/08,12,8,ベリーズブルー,10-10-9-10,36.0,284.1,0,True,False,False
202505010306,3歳未勝利,2025/02/08,13,12,サラニキケン,4-4-6-8,36.2,160.9,0,False,False,False
202505010306,3歳未勝利,2025/02/08,14,6,タッセル,6-8-9-8,36.5,151.3,0,False,False,False
202505010306,3歳未勝利,2025/02/08,15,13,ウインソラネル,6-6-9-11,37.1,608.4,0,True,False,False
202505010306,3歳未勝利,2025/02/08,16,9,ユーウェイン,18-18-17-17,36.5,446.9,0,False,False,False
202505010306,3歳未勝利,2025/02/08,17,7,アルカラス,14-14-14-15,37.1,379.7,0,True,False,False
202505010306,3歳未勝利,2025/02/08,18,17,フライハイ,16-16-17-17,36.6,410.1,0,True,False,False
202505010307,3歳1勝クラス,2025/02/08,1,8,アパッシメント,4-4,38.2,4.4,170,False,True,False
202505010307,3歳1勝クラス,2025/02/08,2,12,モカラマーズ,5-5,37.7,7.1,240,False,True,False
202505010307,3歳1勝クラス,2025/02/08,3,9,レーティッシュ,2-2,38.6,6.1,230,False,True,False
202505010307,3歳1勝クラス,2025/02/08,4,13,フォースミラクル,9-9,37.6,4.9,0,False,True,False
202505010307,3歳1勝クラス,2025/02/08,5,4,パシーヴ,12-10,37.9,21.6,0,False,False,False
202505010307,3歳1勝クラス,2025/02/08,6,3,サヨノジャンボリー,12-10,38.0,12.9,0,False,True,False
202505010307,3歳1勝クラス,2025/02/08,7,5,エコロスヴァル,6-5,38.8,99.8,0,False,True,False
202505010307,3歳1勝クラス,2025/02/08,8,11,チョングク,14-13,38.0,388.9,0,False,False,False
202505010307,3歳1勝クラス,2025/02/08,9,7,アドバンテスロード,2-2,40.3,84.2,0,False,True,False
202505010307,3歳1勝クラス,2025/02/08,10,10,サウンドバッハ,11-13,38.7,30.0,0,True,False,False
202505010307,3歳1勝クラス,2025/02/08,11,1,フリッカージャブ,1-1,40.9,6.1,0,False,False,False
202505010307,3歳1勝クラス,2025/02/08,12,6,キアニーナ,7-7,39.8,6.1,0,False,True,False
202505010307,3歳1勝クラス,2025/02/08,13,14,ブリッツアロング,7-8,39.8,65.6,0,False,False,False
202505010307,3歳1勝クラス,2025/02/08,14,2,エソテリック,9-10,39.5,304.2,0,False,False,False
202505010308,4歳以上2勝クラス,2025/02/08,1,4,ウェットシーズン,1-1,37.3,2.1,110,False,False,False
202505010308,4歳以上2勝クラス,2025/02/08,2,9,ラタフォレスト,5-5,36.8,2.6,120,False,True,False
202505010308,4歳以上2勝クラス,2025/02/08,3,5,ショウナンカブト,7-7,36.9,58.8,570,False,False,False
202505010308,4歳以上2勝クラス,2025/02/08,4,11,トウカイポワール,5-5,37.5,7.7,0,False,True,False
202505010308,4歳以上2勝クラス,2025/02/08,5,7,ブレイゼスト,3-3,38.1,14.8,0,False,False,False
202505010308,4歳以上2勝クラス,2025/02/08,6,13,ヨゾラノムコウニ,9-9,37.4,75.6,0,False,False,False
202505010308,4歳以上2勝クラス,2025/02/08,7,15,アルムエアフォルク,7-7,37.8,152.0,0,True,False,False
202505010308,4歳以上2勝クラス,2025/02/08,8,12,ヒルズカーン,12-11,37.3,287.8,0,True,False,False
202505010308,4歳以上2勝クラス,2025/02/08,9,8,コパノエビータ,9-10,37.7,65.1,0,False,True,False
202505010308,4歳以上2勝クラス,2025/02/08,10,2,フィフティシェビー,11-11,37.4,121.9,0,False,True,False
202505010308,4歳以上2勝クラス,2025/02/08,11,6,マーシヴィガラス,2-2,39.0,83.1,0,False,False,False
202505010308,4歳以上2勝クラス,2025/02/08,12,10,イサチルカゼニタツ,14-15,36.9,11.4,0,False,True,False
202505010308,4歳以上2勝クラス,2025/02/08,13,1,ヒストリアイ,3-3,39.0,57.9,0,True,False,False
202505010308,4歳以上2勝クラス,2025/02/08,14,14,レオカクテル,13-13,37.8,27.2,0,True,True,True
202505010308,4歳以上2勝クラス,2025/02/08,15,3,オソレ,14-14,39.9,242.7,0,False,True,False
202505010309,春菜賞(1勝),2025/02/08,1,2,キョウエイボニータ,2-3,34.8,11.8,280,False,False,False
202505010309,春菜賞(1勝),2025/02/08,2,6,ボンヌソワレ,2-2,35.0,3.3,140,False,True,False
202505010309,春菜賞(1勝),2025/02/08,3,5,ルージュナリッシュ,8-7,33.9,5.8,200,False,False,False
202505010309,春菜賞(1勝),2025/02/08,4,10,チューラワンサ,4-4,34.7,3.9,0,False,True,False
202505010309,春菜賞(1勝),2025/02/08,5,7,ラパンチュール,14-13,33.3,7.9,0,False,True,False
202505010309,春菜賞(1勝),2025/02/08,6,8,チギリ,6-7,34.1,53.6,0,False,False,False
202505010309,春菜賞(1勝),2025/02/08,7,9,カロローザ,1-1,35.9,6.3,0,False,True,False
202505010309,春菜賞(1勝),2025/02/08,8,1,ニシノクードクール,6-5,35.0,66.1,0,True,False,False
202505010309,春菜賞(1勝),2025/02/08,9,4,ラーナローザ,11-11,34.6,112.5,0,False,True,False
202505010309,春菜賞(1勝),2025/02/08,10,12,オーケースマイル,8-7,35.1,185.8,0,True,False,False
202505010309,春菜賞(1勝),2025/02/08,11,16,フェルシナ,11-11,35.0,14.7,0,False,False,False
202505010309,春菜賞(1勝),2025/02/08,12,3,ツインピークス,15-16,34.3,90.0,0,False,False,False
202505010309,春菜賞(1勝),2025/02/08,13,11,ポップグルーヴ,5-5,36.2,237.1,0,False,False,False
202505010309,春菜賞(1勝),2025/02/08,14,13,コムーネ,10-10,36.0,389.3,0,True,False,False
202505010309,春菜賞(1勝),2025/02/08,15,15,ニシノヒナアラレ,11-13,35.7,61.7,0,True,False,False
202505010309,春菜賞(1勝),2025/02/08,16,14,フクシマコウヨウ,15-15,35.7,104.6,0,False,False,False
202505010310,テレビ山梨杯(2勝),2025/02/08,1,4,コスモアディラート,1-1,34.8,50.9,1630,False,False,False
202505010310,テレビ山梨杯(2勝),2025/02/08,2,5,ロジカルワーズ,5-3,34.5,15.8,440,False,True,False
202505010310,テレビ山梨杯(2勝),2025/02/08,3,1,カリーシ,3-3,34.6,24.4,770,True,False,False
202505010310,テレビ山梨杯(2勝),2025/02/08,4,7,マテンロウボンド,10-10,34.1,7.3,0,False,True,False
202505010310,テレビ山梨杯(2勝),2025/02/08,5,10,ルージュスエルテ,8-9,34.4,1.8,0,True,True,True
202505010310,テレビ山梨杯(2勝),2025/02/08,6,2,エールレヴリー,8-6,34.7,14.4,0,False,True,False
202505010310,テレビ山梨杯(2勝),2025/02/08,7,12,ニコラウス,12-12,34.1,6.3,0,False,False,False
202505010310,テレビ山梨杯(2勝),2025/02/08,8,8,メタルスピード,2-2,35.2,9.3,0,False,False,False
202505010310,テレビ山梨杯(2勝),2025/02/08,9,3,ジャガード,11-10,34.4,164.0,0,False,True,False
202505010310,テレビ山梨杯(2勝),2025/02/08,10,6,ベルウッドブラボー,7-6,35.1,138.1,0,True,False,False
202505010310,テレビ山梨杯(2勝),2025/02/08,11,9,ネバレチュゴー,13-13,34.8,192.6,0,True,False,False
202505010310,テレビ山梨杯(2勝),2025/02/08,12,13,エリーズダイヤ,3-3,36.1,32.5,0,True,True,True
202505010310,テレビ山梨杯(2勝),2025/02/08,13,11,アスクドリームモア,5-6,35.9,18.4,0,False,False,False
202505010311,早春ステークス(3勝),2025/02/08,1,4,マイネルカンパーナ,4-4-4-4,34.6,65.8,1390,False,False,False
202505010311,早春ステークス(3勝),2025/02/08,2,12,サンライズアース,2-2-2-2,34.9,5.7,280,False,False,False
202505010311,早春ステークス(3勝),2025/02/08,3,14,ナイトインロンドン,12-12-11-11,34.3,8.0,250,False,True,False
202505010311,早春ステークス(3勝),2025/02/08,4,1,メリオーレム,6-6-8-6,34.9,3.8,0,True,False,False
202505010311,早春ステークス(3勝),2025/02/08,5,6,ハーツコンチェルト,8-8-10-9,34.8,5.6,0,True,True,True
202505010311,早春ステークス(3勝),2025/02/08,6,13,ギャンブルルーム,9-8-9-9,35.2,6.6,0,True,True,True
202505010311,早春ステークス(3勝),2025/02/08,7,11,エンドウノハナ,13-13-14-14,34.9,30.3,0,False,False,False
202505010311,早春ステークス(3勝),2025/02/08,8,3,コスモシャングリラ,5-5-6-6,35.7,136.7,0,False,False,False
202505010311,早春ステークス(3勝),2025/02/08,9,10,バロッサヴァレー,3-3-3-2,36.1,19.3,0,True,False,False
202505010311,早春ステークス(3勝),2025/02/08,10,9,メインクーン,7-7-6-6,35.7,72.6,0,False,False,False
202505010311,早春ステークス(3勝),2025/02/08,11,7,メイテソーロ,9-10-4-4,36.3,69.7,0,False,False,False
202505010311,早春ステークス(3勝),2025/02/08,12,2,タイセイフェリーク,14-14-11-11,36.0,4.7,0,True,True,True
202505010311,早春ステークス(3勝),2025/02/08,13,8,ナムラカミカゼ,11-10-13-11,36.2,153.1,0,False,True,False
202505010311,早春ステークス(3勝),2025/02/08,14,5,リフレクトザムーン,1-1-1-1,37.8,83.7,0,True,False,False
202505010312,4歳以上1勝クラス,2025/02/08,1,14,マケズギライ,11-11,36.5,3.7,160,False,True,False
202505010312,4歳以上1勝クラス,2025/02/08,2,15,トルーマンテソーロ,3-2,37.3,8.1,260,False,False,False
202505010312,4歳以上1勝クラス,2025/02/08,3,13,カサブランカキッド,15-15,36.0,35.6,560,False,True,False
202505010312,4歳以上1勝クラス,2025/02/08,4,8,アルニラム,4-4,37.1,4.2,0,False,False,False
202505010312,4歳以上1勝クラス,2025/02/08,5,7,アイランドピーク,7-7,36.9,22.6,0,False,True,False
202505010312,4歳以上1勝クラス,2025/02/08,6,6,ホワイトターフ,4-4,37.6,25.6,0,True,False,False
202505010312,4歳以上1勝クラス,2025/02/08,7,3,ポッドコンティ,12-11,37.0,212.3,0,False,False,False
202505010312,4歳以上1勝クラス,2025/02/08,8,12,イルディヴィーノ,9-7,37.4,15.9,0,False,False,False
202505010312,4歳以上1勝クラス,2025/02/08,9,9,エコロヴァルム,7-7,37.6,7.9,0,False,True,False
202505010312,4歳以上1勝クラス,2025/02/08,10,11,ノアスペシャル,12-11,37.2,44.3,0,False,True,False
202505010312,4歳以上1勝クラス,2025/02/08,11,16,ハヌル,6-4,37.8,135.9,0,False,False,False
202505010312,4歳以上1勝クラス,2025/02/08,12,10,ミスファントム,14-14,37.4,20.0,0,False,False,False
202505010312,4歳以上1勝クラス,2025/02/08,13,1,グラニットピーク,9-7,38.3,9.8,0,False,True,False
202505010312,4歳以上1勝クラス,2025/02/08,14,4,エースアビリティ,16-16,36.3,8.8,0,True,False,False
202505010312,4歳以上1勝クラス,2025/02/08,15,5,ゴレイジョウ,2-2,39.5,127.9,0,False,False,False
202505010312,4歳以上1勝クラス,2025/02/08,16,2,ガーデンプランナー,1-1,40.9,57.1,0,False,False,False
202505010401,3歳未勝利,2025/02/09,1,3,ショウナンヤッホー,8-8,36.4,3.0,120,False,False,False
202505010401,3歳未勝利,2025/02/09,2,12,アラスカフレイバー,3-3,37.4,3.5,130,False,True,False
202505010401,3歳未勝利,2025/02/09,3,15,ウフドゥウフ,3-3,37.4,5.1,150,False,False,False
202505010401,3歳未勝利,2025/02/09,4,10,ホープリュミエール,6-7,38.6,139.8,0,False,False,False
202505010401,3歳未勝利,2025/02/09,5,6,サトノエバー,1-1,39.5,12.4,0,False,False,False
202505010401,3歳未勝利,2025/02/09,6,13,タイキクリエイター,10-10,38.2,37.9,0,True,False,False
202505010401,3歳未勝利,2025/02/09,7,11,ミラクルミッキー,2-2,39.4,10.1,0,False,False,False
202505010401,3歳未勝利,2025/02/09,8,9,タイセイアダマス,13-13,37.8,98.4,0,False,False,False
202505010401,3歳未勝利,2025/02/09,9,5,コオリナラグーン,12-10,38.3,6.2,0,False,True,False
202505010401,3歳未勝利,2025/02/09,10,4,ノブダブルホワイト,3-5,39.6,307.8,0,False,False,False
202505010401,3歳未勝利,2025/02/09,11,7,コパカツ,10-12,38.5,53.6,0,False,False,False
202505010401,3歳未勝利,2025/02/09,12,2,サルジュ,15-14,38.5,155.8,0,False,False,False
202505010401,3歳未勝利,2025/02/09,13,1,ラストヨンマル,15-14,38.5,256.9,0,False,False,False
202505010401,3歳未勝利,2025/02/09,14,8,タワークライマー,6-5,40.3,90.6,0,False,False,False
202505010401,3歳未勝利,2025/02/09,15,14,ワカギミ,14-16,39.0,154.0,0,False,False,False
202505010401,3歳未勝利,2025/02/09,16,16,ニシノライオネス,8-9,40.5,98.0,0,False,False,False
202505010402,3歳未勝利,2025/02/09,1,14,マウントバーノン,10-10-8-8,38.3,4.2,150,False,True,False
202505010402,3歳未勝利,2025/02/09,2,4,ダカラフェスティヴ,6-6-6-5,38.8,3.1,140,False,True,False
202505010402,3歳未勝利,2025/02/09,3,8,キタノブレイク,6-6-6-5,39.7,10.0,200,True,True,True
202505010402,3歳未勝利,2025/02/09,4,16,ブラックセイバー,12-12-11-11,39.0,17.8,0,True,False,False
202505010402,3歳未勝利,2025/02/09,5,13,ノイシュタット,2-2-2-2,40.7,8.0,0,False,False,False
202505010402,3歳未勝利,2025/02/09,6,6,プレイザットソング,8-8-8-9,40.4,49.0,0,True,True,True
202505010402,3歳未勝利,2025/02/09,7,3,ラストレガシー,1-1-1-1,41.8,5.4,0,False,False,False
202505010402,3歳未勝利,2025/02/09,8,15,マイネルジーニアス,3-3-3-3,41.7,14.7,0,True,False,False
202505010402,3歳未勝利,2025/02/09,9,12,ヌンボラ,4-4-4-3,41.8,15.6,0,False,False,False
202505010402,3歳未勝利,2025/02/09,10,9,スターコンパス,11-11-11-11,40.9,78.1,0,False,True,False
202505010402,3歳未勝利,2025/02/09,11,1,ニシノジョバンニ,15-15-13-13,41.7,96.4,0,False,False,False
202505010402,3歳未勝利,2025/02/09,12,5,ロイヤルカスタマー,9-8-8-9,42.3,443.0,0,False,False,False
202505010402,3歳未勝利,2025/02/09,13,7,ナンヨービッグ,16-16-15-15,41.4,163.4,0,False,False,False
202505010402,3歳未勝利,2025/02/09,14,11,スーパーホース,14-13-13-13,42.1,194.7,0,False,True,False
202505010402,3歳未勝利,2025/02/09,15,2,カイトベルク,4-4-4-5,43.9,21.0,0,True,False,False
202505010402,3歳未勝利,2025/02/09,16,10,タイキアベンチュラ,12-13-16-16,42.0,340.2,0,False,False,False
202505010403,3歳未勝利,2025/02/09,1,11,ヴォンフレ,3-3,37.4,4.9,170,True,True,True
202505010403,3歳未勝利,2025/02/09,2,8,ブルージュ,1-1,38.5,4.1,180,True,False,False
202505010403,3歳未勝利,2025/02/09,3,12,ライズトゥザトップ,2-2,38.6,6.4,210,False,False,False
202505010403,3歳未勝利,2025/02/09,4,6,アイスリーディング,5-3,38.4,10.3,0,True,False,False
202505010403,3歳未勝利,2025/02/09,5,3,コンティオ,7-7,38.4,3.3,0,False,False,False
202505010403,3歳未勝利,2025/02/09,6,1,ヴォーパルソード,12-11,38.0,48.6,0,False,False,False
202505010403,3歳未勝利,2025/02/09,7,7,アウスラフラッグ,7-7,38.8,47.5,0,True,False,False
202505010403,3歳未勝利,2025/02/09,8,9,スカーレットクロス,9-9,39.1,384.3,0,True,False,False
202505010403,3歳未勝利,2025/02/09,9,14,スーパーキティ,12-15,38.8,56.8,0,True,False,False
202505010403,3歳未勝利,2025/02/09,10,4,アルマヴィーナス,3-3,40.0,9.2,0,True,False,False
202505010403,3歳未勝利,2025/02/09,11,15,ミステンザン,16-16,38.4,197.0,0,True,False,False
202505010403,3歳未勝利,2025/02/09,12,13,トウテイラン,5-6,40.3,25.1,0,False,False,False
202505010403,3歳未勝利,2025/02/09,13,2,デアルーチェ,12-11,39.7,160.2,0,False,False,False
202505010403,3歳未勝利,2025/02/09,14,16,ビートウマザンマイ,9-11,39.8,34.0,0,False,False,False
202505010403,3歳未勝利,2025/02/09,15,10,ベアパーフェクト,12-11,40.3,516.0,0,False,False,False
202505010403,3歳未勝利,2025/02/09,16,5,ラルービーズ,9-9,40.5,115.1,0,False,False,False
202505010404,3歳新馬,2025/02/09,1,6,シュヴァルム,8-7,37.1,16.9,380,False,False,False
202505010404,3歳新馬,2025/02/09,2,3,メイショウウメゴチ,6-5,37.7,6.3,200,False,False,False
202505010404,3歳新馬,2025/02/09,3,16,サルファー,1-1,38.3,5.7,200,False,False,False
202505010404,3歳新馬,2025/02/09,4,13,ブルームノーズ,6-7,38.0,11.0,0,False,False,False
202505010404,3歳新馬,2025/02/09,5,4,ジェイエルバース,2-2,38.6,23.9,0,False,False,False
202505010404,3歳新馬,2025/02/09,6,10,モロノグラシアス,10-11,37.8,68.8,0,False,False,False
202505010404,3歳新馬,2025/02/09,7,12,サンピラーゴールド,13-13,38.0,31.9,0,False,False,False
202505010404,3歳新馬,2025/02/09,8,15,リラキトス,3-4,39.3,4.5,0,False,False,False
202505010404,3歳新馬,2025/02/09,9,11,マオノギミック,10-9,38.8,28.6,0,False,False,False
202505010404,3歳新馬,2025/02/09,10,9,ミッキーズベスト,3-2,40.0,2.7,0,False,False,False
202505010404,3歳新馬,2025/02/09,11,14,トラストギャロップ,15-15,37.9,68.1,0,False,False,False
202505010404,3歳新馬,2025/02/09,12,7,レクエルド,5-5,40.1,129.3,0,False,False,False
202505010404,3歳新馬,2025/02/09,13,1,マルチタスク,8-11,39.7,164.8,0,False,False,False
202505010404,3歳新馬,2025/02/09,14,5,プレシャスアワーズ,10-9,40.2,41.6,0,False,False,False
202505010404,3歳新馬,2025/02/09,15,8,ヴレーデ,16-16,39.1,99.8,0,False,False,False
202505010404,3歳新馬,2025/02/09,16,2,デルマセシボン,13-13,41.0,201.7,0,False,False,False
202505010405,3歳新馬,2025/02/09,1,4,メランジェ,11-10,33.7,4.2,160,False,False,False
202505010405,3歳新馬,2025/02/09,2,16,ダノンブギ,7-7,34.0,2.0,120,False,False,False
202505010405,3歳新馬,2025/02/09,3,12,ロンディネ,7-7,34.3,25.1,310,False,False,False
202505010405,3歳新馬,2025/02/09,4,14,ヌンルチル,5-5,34.6,73.4,0,False,False,False
202505010405,3歳新馬,2025/02/09,5,2,ノーブルリリー,9-7,34.6,53.6,0,False,False,False
202505010405,3歳新馬,2025/02/09,6,9,ブラックレッド,5-5,34.9,228.4,0,False,False,False
202505010405,3歳新馬,2025/02/09,7,3,キタノアンシェル,3-3,35.3,162.5,0,False,False,False
202505010405,3歳新馬,2025/02/09,8,8,ニシノカクテル,3-4,35.2,15.9,0,False,False,False
202505010405,3歳新馬,2025/02/09,9,15,マイドリームガール,12-10,34.5,6.7,0,False,False,False
202505010405,3歳新馬,2025/02/09,10,13,ヨドノタイヨウ,9-10,34.8,162.7,0,False,False,False
202505010405,3歳新馬,2025/02/09,11,11,リネンプリンセス,14-15,34.3,133.2,0,False,False,False
202505010405,3歳新馬,2025/02/09,12,7,ソロフィオーレ,2-2,35.9,60.3,0,False,False,False
202505010405,3歳新馬,2025/02/09,13,6,モモイロカタオモイ,1-1,36.5,50.5,0,False,False,False
202505010405,3歳新馬,2025/02/09,14,10,ジャスミンガール,14-13,35.9,106.3,0,False,False,False
202505010405,3歳新馬,2025/02/09,15,5,パレデザール,12-13,36.9,6.3,0,False,False,False
202505010405,3歳新馬,2025/02/09,16,1,ノアバクシンオー,16-16,36.4,132.9,0,False,False,False
202505010406,3歳未勝利,2025/02/09,1,4,ルパヴィヨン,3-3,34.1,5.5,200,False,False,False
202505010406,3歳未勝利,2025/02/09,2,1,フロウアンドライム,1-1,34.5,7.0,240,False,False,False
202505010406,3歳未勝利,2025/02/09,3,9,ノーブルライナー,6-5,34.0,22.4,340,True,True,True
202505010406,3歳未勝利,2025/02/09,4,7,スターエンブレム,2-2,34.5,2.0,0,False,True,False
202505010406,3歳未勝利,2025/02/09,5,6,ホシニネガイヲ,9-9,33.9,50.6,0,False,True,False
202505010406,3歳未勝利,2025/02/09,6,12,ミトノオルフェ,8-7,34.3,36.6,0,True,False,False
202505010406,3歳未勝利,2025/02/09,7,15,サクラアドリア,10-9,34.1,3.7,0,False,True,False
202505010406,3歳未勝利,2025/02/09,8,3,テルケンユミカグラ,3-3,34.8,99.7,0,True,True,True
202505010406,3歳未勝利,2025/02/09,9,5,ルミナスピラー,6-7,34.7,274.1,0,False,False,False
202505010406,3歳未勝利,2025/02/09,10,16,クロウソング,14-14,34.1,25.0,0,False,False,False
202505010406,3歳未勝利,2025/02/09,11,2,セットオンユー,11-11,34.6,56.3,0,False,False,False
202505010406,3歳未勝利,2025/02/09,12,8,ズイショウ,16-16,34.0,197.1,0,False,False,False
202505010406,3歳未勝利,2025/02/09,13,10,ラファエラエンゼル,11-11,34.7,192.7,0,True,False,False
202505010406,3歳未勝利,2025/02/09,14,11,ダブルスチール,5-5,35.4,585.0,0,False,False,False
202505010406,3歳未勝利,2025/02/09,15,13,インシーズン,14-14,34.7,504.8,0,True,False,False
202505010406,3歳未勝利,2025/02/09,16,14,パッションビラーゴ,13-13,35.4,487.9,0,False,False,False
202505010407,4歳以上2勝クラス,2025/02/09,1,8,ハイエスティーム,10-11-10,34.0,19.1,380,True,False,False
202505010407,4歳以上2勝クラス,2025/02/09,2,9,ユキワリザクラ,4-4-5,34.4,7.2,220,True,False,False
202505010407,4歳以上2勝クラス,2025/02/09,3,6,アップトゥミー,11-9-7,34.3,58.0,1120,False,False,False
202505010407,4歳以上2勝クラス,2025/02/09,4,2,エバーハピネス,8-9-10,34.2,8.7,0,True,True,True
202505010407,4歳以上2勝クラス,2025/02/09,5,11,ヴィルトブリーゼ,2-2-2,35.0,62.3,0,True,False,False
202505010407,4歳以上2勝クラス,2025/02/09,6,7,オルノア,1-1-1,35.0,8.7,0,False,False,False
202505010407,4歳以上2勝クラス,2025/02/09,7,3,デファイ,6-4-4,34.6,31.8,0,True,False,False
202505010407,4歳以上2勝クラス,2025/02/09,8,4,ヨウシタンレイ,3-4-5,34.5,14.6,0,False,False,False
202505010407,4歳以上2勝クラス,2025/02/09,9,1,フォーザボーイズ,6-7-7,34.6,3.8,0,False,True,False
202505010407,4歳以上2勝クラス,2025/02/09,10,10,ルクスドヌーヴ,8-8-9,34.7,254.4,0,False,True,False
202505010407,4歳以上2勝クラス,2025/02/09,11,5,コンテネレッツア,4-2-2,35.9,2.2,0,False,False,False
202505010408,4歳以上2勝クラス,2025/02/09,1,13,アンシール,5-5,35.8,4.0,160,True,True,True
202505010408,4歳以上2勝クラス,2025/02/09,2,15,ノットファウンド,8-8,35.6,3.0,120,False,False,False
202505010408,4歳以上2勝クラス,2025/02/09,3,9,モンドプリューム,2-2,36.2,8.6,210,False,True,False
202505010408,4歳以上2勝クラス,2025/02/09,4,2,ケンキョ,15-13,35.3,12.6,0,False,False,False
202505010408,4歳以上2勝クラス,2025/02/09,5,7,ニシノスピカ,5-5,36.2,11.0,0,False,False,False
202505010408,4歳以上2勝クラス,2025/02/09,6,14,ダミエ,11-11,35.7,81.0,0,False,False,False
202505010408,4歳以上2勝クラス,2025/02/09,7,4,テセラリアン,14-15,35.3,5.8,0,False,False,False
202505010408,4歳以上2勝クラス,2025/02/09,8,16,タイセイフェスタ,9-8,36.3,207.8,0,False,False,False
202505010408,4歳以上2勝クラス,2025/02/09,9,1,ゼウスビスティー,9-8,36.5,15.1,0,False,True,False
202505010408,4歳以上2勝クラス,2025/02/09,10,8,サイヤダンサー,11-12,36.4,100.7,0,False,False,False
202505010408,4歳以上2勝クラス,2025/02/09,11,10,ドンデンガエシ,16-16,35.3,20.6,0,False,False,False
202505010408,4歳以上2勝クラス,2025/02/09,12,5,フラーハ,4-3,37.3,51.6,0,False,True,False
202505010408,4歳以上2勝クラス,2025/02/09,13,11,ニシノコニャック,5-5,37.1,88.8,0,False,True,False
202505010408,4歳以上2勝クラス,2025/02/09,14,6,ベルウッドウズメ,13-13,36.6,127.0,0,True,True,True
202505010408,4歳以上2勝クラス,2025/02/09,15,3,サミアド,1-1,37.7,33.7,0,False,False,False
202505010408,4歳以上2勝クラス,2025/02/09,16,12,ニジュウダンサー,2-3,38.2,67.1,0,False,False,False
202505010409,ゆりかもめ賞(1勝),2025/02/09,1,7,ウィクトルウェルス,4-3-4-5,33.5,5.4,150,False,True,False
202505010409,ゆりかもめ賞(1勝),2025/02/09,2,3,ファイアンクランツ,6-6-8-8,33.5,2.4,120,False,True,False
202505010409,ゆりかもめ賞(1勝),2025/02/09,3,4,アマキヒ,2-3-4-5,33.9,21.7,490,True,False,False
202505010409,ゆりかもめ賞(1勝),2025/02/09,4,6,サトノパトリオット,6-6-7-5,33.9,6.7,0,False,True,False
202505010409,ゆりかもめ賞(1勝),2025/02/09,5,1,マテンロウムーブ,9-10-11-11,33.6,14.4,0,False,True,False
202505010409,ゆりかもめ賞(1勝),2025/02/09,6,11,レーゼドラマ,2-2-2-2,34.4,10.4,0,False,True,False
202505010409,ゆりかもめ賞(1勝),2025/02/09,7,2,リアンベーレ,6-6-8-8,34.1,9.6,0,False,True,False
202505010409,ゆりかもめ賞(1勝),2025/02/09,8,10,ジュンアサヒソラ,1-1-1-1,34.6,8.9,0,True,False,False
202505010409,ゆりかもめ賞(1勝),2025/02/09,9,5,メディテラニアン,9-10-10-8,34.4,37.9,0,True,True,True
202505010409,ゆりかもめ賞(1勝),2025/02/09,10,9,バースライト,11-6-4-3,35.0,21.2,0,False,True,False
202505010409,ゆりかもめ賞(1勝),2025/02/09,11,8,マーズオデッセイ,4-3-3-3,35.6,158.1,0,True,False,False
202505010410,初音ステークス(3勝),2025/02/09,1,13,カナテープ,10-10-10,33.7,9.0,210,False,False,False
202505010410,初音ステークス(3勝),2025/02/09,2,1,アドマイヤマツリ,4-5-6,34.1,2.3,120,True,True,True
202505010410,初音ステークス(3勝),2025/02/09,3,11,キュクヌス,4-2-2,34.7,12.1,280,False,False,False
202505010410,初音ステークス(3勝),2025/02/09,4,4,ラファドゥラ,10-12-12,33.7,16.9,0,True,True,True
202505010410,初音ステークス(3勝),2025/02/09,5,12,カヨウネンカ,9-8-8,34.0,135.4,0,True,False,False
202505010410,初音ステークス(3勝),2025/02/09,6,7,スミ,7-7-7,34.5,39.6,0,True,False,False
202505010410,初音ステークス(3勝),2025/02/09,7,9,ロジシルバー,7-5-4,35.0,22.1,0,False,False,False
202505010410,初音ステークス(3勝),2025/02/09,8,15,ビジュノワール,1-1-1,36.0,54.9,0,False,False,False
202505010410,初音ステークス(3勝),2025/02/09,9,2,ニューステソーロ,2-3-3,35.1,13.3,0,True,False,False
202505010410,初音ステークス(3勝),2025/02/09,10,3,セフィロ,13-15-15,33.9,18.4,0,False,True,False
202505010410,初音ステークス(3勝),2025/02/09,11,16,ミカッテヨンデイイ,4-8-8,35.4,193.6,0,False,False,False
202505010410,初音ステークス(3勝),2025/02/09,12,10,ライトバック,14-13-13,35.1,3.2,0,True,True,True
202505010410,初音ステークス(3勝),2025/02/09,13,5,カーペンタリア,14-13-13,35.2,195.8,0,True,False,False
202505010410,初音ステークス(3勝),2025/02/09,14,6,ルージュアルル,2-4-4,36.3,105.6,0,True,False,False
202505010410,初音ステークス(3勝),2025/02/09,15,14,ピピオラ,12-11-10,35.9,231.0,0,False,False,False
202505010410,初音ステークス(3勝),2025/02/09,16,8,ダルエスサラーム,14-16-16,35.3,233.0,0,True,False,False
202505010411,第75回東京新聞杯(GIII),2025/02/09,1,12,ウォーターリヒト,12-12,33.2,7.4,230,False,True,False
202505010411,第75回東京新聞杯(GIII),2025/02/09,2,4,ボンドガール,6-6,33.7,4.4,180,True,True,True
202505010411,第75回東京新聞杯(GIII),2025/02/09,3,2,メイショウチタン,1-1,35.1,257.0,3570,True,False,False
202505010411,第75回東京新聞杯(GIII),2025/02/09,4,7,ブレイディヴェーグ,9-8,33.6,2.6,0,True,False,False
202505010411,第75回東京新聞杯(GIII),2025/02/09,5,14,マテンロウスカイ,3-3,34.4,39.5,0,True,False,False
202505010411,第75回東京新聞杯(GIII),2025/02/09,6,16,セオ,2-2,35.0,27.6,0,True,False,False
202505010411,第75回東京新聞杯(GIII),2025/02/09,7,3,シャンパンカラー,6-8,33.9,80.7,0,False,False,False
202505010411,第75回東京新聞杯(GIII),2025/02/09,8,15,オフトレイル,16-16,33.2,30.5,0,False,True,False
202505010411,第75回東京新聞杯(GIII),2025/02/09,9,6,オールナット,4-5,34.4,9.2,0,False,True,False
202505010411,第75回東京新聞杯(GIII),2025/02/09,10,8,ジュンブロッサム,9-8,34.2,9.6,0,False,False,False
202505010411,第75回東京新聞杯(GIII),2025/02/09,11,11,ジオグリフ,14-14,33.7,21.9,0,False,True,False
202505010411,第75回東京新聞杯(GIII),2025/02/09,12,5,コラソンビート,12-12,34.1,102.1,0,False,False,False
202505010411,第75回東京新聞杯(GIII),2025/02/09,12,13,ゴートゥファースト,4-4,34.8,86.6,0,False,True,False
202505010411,第75回東京新聞杯(GIII),2025/02/09,14,10,ゾンニッヒ,6-6,34.8,129.8,0,False,True,False
202505010411,第75回東京新聞杯(GIII),2025/02/09,15,1,サクラトゥジュール,9-8,34.8,9.0,0,False,True,False
202505010411,第75回東京新聞杯(GIII),2025/02/09,16,9,ラーグルフ,14-14,35.1,217.6,0,True,False,False
202505010412,4歳以上1勝クラス,2025/02/09,1,11,イデアイゴッソウ,5-5,36.1,3.5,170,True,True,True
202505010412,4歳以上1勝クラス,2025/02/09,2,6,ノルドヴェスト,9-8,36.3,3.5,150,False,False,False
202505010412,4歳以上1勝クラス,2025/02/09,3,16,マシュー,2-2,37.3,18.2,340,True,False,False
202505010412,4歳以上1勝クラス,2025/02/09,4,12,ゲキザル,5-5,37.1,10.9,0,False,True,False
202505010412,4歳以上1勝クラス,2025/02/09,5,9,フィリップ,3-4,37.3,57.8,0,True,False,False
202505010412,4歳以上1勝クラス,2025/02/09,6,1,デスティノ,11-11,36.7,34.1,0,False,False,False
202505010412,4歳以上1勝クラス,2025/02/09,7,3,オオタニサーン,7-8,38.6,5.3,0,False,False,False
202505010412,4歳以上1勝クラス,2025/02/09,8,13,ヒロピアーナ,14-14,38.0,379.3,0,False,False,False
202505010412,4歳以上1勝クラス,2025/02/09,9,10,シントーハナノボス,1-1,39.4,15.3,0,True,False,False
202505010412,4歳以上1勝クラス,2025/02/09,10,5,ヴェラグエリエロ,9-11,38.5,232.7,0,True,False,False
202505010412,4歳以上1勝クラス,2025/02/09,11,4,アルマーレシチー,11-10,38.7,71.7,0,False,False,False
202505010412,4歳以上1勝クラス,2025/02/09,12,15,レッドアーバイン,7-5,39.1,39.1,0,False,False,False
202505010412,4歳以上1勝クラス,2025/02/09,13,7,パープルナイト,3-2,39.6,5.9,0,False,False,False
202505010412,4歳以上1勝クラス,2025/02/09,14,2,アドアプローズ,15-15,38.3,296.2,0,True,False,False
202505010412,4歳以上1勝クラス,2025/02/09,15,14,アリーチェ,13-13,39.0,145.5,0,False,True,False
202505010412,4歳以上1勝クラス,2025/02/09,16,8,ドラミモン,15-15,39.4,71.2,0,False,False,False
202505010501,3歳未勝利,2025/02/15,1,13,マイネルブリオン,7-8,37.8,28.9,490,False,True,False
202505010501,3歳未勝利,2025/02/15,2,2,クラウンハート,7-6,38.0,2.1,140,False,True,False
202505010501,3歳未勝利,2025/02/15,3,11,ユウオウマイシン,14-12,37.6,41.9,620,False,True,False
202505010501,3歳未勝利,2025/02/15,4,16,ミスティマウンテン,4-3,38.6,19.8,0,False,False,False
202505010501,3歳未勝利,2025/02/15,5,7,アリアルブラック,6-6,38.4,7.8,0,False,True,False
202505010501,3歳未勝利,2025/02/15,6,5,ファリア,12-12,37.9,129.3,0,True,False,False
202505010501,3歳未勝利,2025/02/15,7,6,エムティエスターテ,4-3,38.7,23.2,0,False,False,False
202505010501,3歳未勝利,2025/02/15,8,4,コーシューパンジャ,9-9,38.3,62.9,0,False,True,False
202505010501,3歳未勝利,2025/02/15,9,1,キャストロププ,9-9,38.3,18.0,0,False,False,False
202505010501,3歳未勝利,2025/02/15,10,10,ウインレアリゼ,9-9,38.6,13.7,0,False,True,False
202505010501,3歳未勝利,2025/02/15,11,3,シルフラ,2-1,40.5,4.5,0,False,False,False
202505010501,3歳未勝利,2025/02/15,12,9,キャンディブーケ,14-14,39.2,52.9,0,False,False,False
202505010501,3歳未勝利,2025/02/15,13,14,プリヤンカー,1-2,40.6,9.5,0,False,False,False
202505010501,3歳未勝利,2025/02/15,14,12,ニニンサンキャク,16-15,39.0,415.1,0,False,False,False
202505010501,3歳未勝利,2025/02/15,15,15,ミヤイグアス,3-3,42.5,507.5,0,True,False,False
202505010501,3歳未勝利,2025/02/15,16,8,ロジディーズ,13-16,42.5,499.4,0,False,False,False
202505010502,3歳新馬,2025/02/15,1,11,ウイントワイライト,1-1,36.7,2.5,130,False,False,False
202505010502,3歳新馬,2025/02/15,2,5,メモリアカフェ,5-5,36.2,3.4,140,False,False,False
202505010502,3歳新馬,2025/02/15,3,15,フクチャンヒメ,2-2,36.9,7.5,160,False,False,False
202505010502,3歳新馬,2025/02/15,4,16,ガンバレベアー,3-3,36.8,7.6,0,False,False,False
202505010502,3歳新馬,2025/02/15,5,6,コーリンフウガ,3-3,36.9,14.5,0,False,False,False
202505010502,3歳新馬,2025/02/15,6,10,ロジアンドモルタル,7-7,37.2,6.7,0,False,False,False
202505010502,3歳新馬,2025/02/15,7,2,クレヨンポップ,8-8,37.6,74.7,0,False,False,False
202505010502,3歳新馬,2025/02/15,8,1,ミスパナギア,12-11,37.3,124.8,0,False,False,False
202505010502,3歳新馬,2025/02/15,9,13,ハナヒラク,10-9,38.4,52.5,0,False,False,False
202505010502,3歳新馬,2025/02/15,10,8,シャンドネージュ,14-13,37.8,161.1,0,False,False,False
202505010502,3歳新馬,2025/02/15,11,3,アデーレカフェ,5-5,40.1,281.1,0,False,False,False
202505010502,3歳新馬,2025/02/15,12,12,ハクシンアスリート,9-9,39.4,40.2,0,False,False,False
202505010502,3歳新馬,2025/02/15,13,9,ダークスピリット,14-14,38.7,209.1,0,False,False,False
202505010502,3歳新馬,2025/02/15,14,14,オカノマルコチャン,11-12,40.2,164.3,0,False,False,False
202505010502,3歳新馬,2025/02/15,15,4,カークスマイル,13-15,39.9,171.2,0,False,False,False
202505010502,3歳新馬,2025/02/15,16,7,ケイツーシェケル,16-16,38.5,289.2,0,False,False,False
202505010503,3歳未勝利,2025/02/15,1,12,フィーチャリング,4-3,37.1,1.8,110,True,True,True
202505010503,3歳未勝利,2025/02/15,2,7,エドワードバローズ,12-12,36.4,3.6,140,False,False,False
202505010503,3歳未勝利,2025/02/15,3,3,オオタチ,13-13,36.3,9.4,150,False,True,False
202505010503,3歳未勝利,2025/02/15,4,8,クリプトス,4-5,37.7,16.0,0,False,False,False
202505010503,3歳未勝利,2025/02/15,5,13,グレイグアン,6-7,37.8,230.2,0,True,False,False
202505010503,3歳未勝利,2025/02/15,6,4,ジーティートゥルー,9-9,37.8,57.0,0,True,False,False
202505010503,3歳未勝利,2025/02/15,7,14,セラトーン,9-9,37.8,33.9,0,False,False,False
202505010503,3歳未勝利,2025/02/15,8,11,アテナパルテノス,2-2,38.8,479.8,0,False,False,False
202505010503,3歳未勝利,2025/02/15,9,16,プリティパール,15-15,37.2,35.2,0,False,True,False
202505010503,3歳未勝利,2025/02/15,10,2,ライズトゥザトップ,3-3,38.9,25.6,0,False,False,False
202505010503,3歳未勝利,2025/02/15,11,5,キャピタルリッチ,16-16,37.0,104.9,0,False,False,False
202505010503,3歳未勝利,2025/02/15,12,9,コウユーラッセーラ,8-7,38.8,50.6,0,True,True,True
202505010503,3歳未勝利,2025/02/15,13,10,ハコダテサンバ,11-11,38.6,85.1,0,False,True,False
202505010503,3歳未勝利,2025/02/15,14,1,タイキブライトン,6-5,39.3,22.7,0,False,False,False
202505010503,3歳未勝利,2025/02/15,15,15,フロムザワールド,13-13,38.4,246.0,0,False,False,False
202505010503,3歳未勝利,2025/02/15,16,6,スパイウェア,1-1,41.2,15.6,0,False,False,False
202505010504,4歳以上1勝クラス,2025/02/15,1,4,クロックフォード,13-12-13-12,36.0,2.2,130,False,True,False
202505010504,4歳以上1勝クラス,2025/02/15,2,2,タケルゴールド,2-2-1-1,37.2,14.0,330,True,False,False
202505010504,4歳以上1勝クラス,2025/02/15,3,5,セイウンガレオン,15-14-14-14,36.4,44.3,590,False,False,False
202505010504,4歳以上1勝クラス,2025/02/15,4,9,ブレイヴアロウ,7-9-4-6,37.2,115.1,0,True,False,False
202505010504,4歳以上1勝クラス,2025/02/15,5,7,ディアスポラ,4-4-4-4,37.4,19.1,0,True,False,False
202505010504,4歳以上1勝クラス,2025/02/15,6,14,ラファールドール,2-3-2-2,37.5,28.8,0,False,False,False
202505010504,4歳以上1勝クラス,2025/02/15,7,1,サトノバトラー,4-4-4-4,37.5,4.6,0,True,True,True
202505010504,4歳以上1勝クラス,2025/02/15,8,13,ロードインフェルノ,6-6-7-8,37.3,27.2,0,True,False,False
202505010504,4歳以上1勝クラス,2025/02/15,9,12,トゥルース,7-6-7-7,37.4,15.8,0,False,True,False
202505010504,4歳以上1勝クラス,2025/02/15,10,16,ジーティーアグリム,10-10-10-10,37.2,37.1,0,False,False,False
202505010504,4歳以上1勝クラス,2025/02/15,11,15,イデアユウシン,14-14-10-10,37.3,6.6,0,True,True,True
202505010504,4歳以上1勝クラス,2025/02/15,12,3,アレスエルピーダ,12-12-15-15,37.4,52.5,0,False,False,False
202505010504,4歳以上1勝クラス,2025/02/15,13,11,ヤルダバオト,16-16-16-15,37.7,284.2,0,False,False,False
202505010504,4歳以上1勝クラス,2025/02/15,14,6,ライクファーザー,7-6-9-8,38.4,14.2,0,True,False,False
202505010504,4歳以上1勝クラス,2025/02/15,15,8,トゥザヒロイン,10-10-12-12,38.2,39.4,0,False,False,False
202505010504,4歳以上1勝クラス,2025/02/15,16,10,モヴレクス,1-1-2-2,44.2,158.7,0,True,True,True
202505010505,3歳未勝利,2025/02/15,1,9,ダノンリュラ,2-2,34.9,7.4,230,True,False,False
202505010505,3歳未勝利,2025/02/15,2,6,ウインイザナミ,7-7,34.3,5.9,200,False,False,False
202505010505,3歳未勝利,2025/02/15,3,16,メイリー,10-9,34.2,49.7,1000,False,False,False
202505010505,3歳未勝利,2025/02/15,4,15,ミズイロホルトゥス,3-3,34.9,6.7,0,False,True,False
202505010505,3歳未勝利,2025/02/15,5,8,ベルアーブル,4-4,34.7,2.8,0,True,True,True
202505010505,3歳未勝利,2025/02/15,6,5,ショウナンタハティ,7-7,34.4,25.6,0,True,True,True
202505010505,3歳未勝利,2025/02/15,7,3,テンドリームガール,11-10,34.3,31.1,0,False,False,False
202505010505,3歳未勝利,2025/02/15,8,1,エンゲルシュピール,4-4,34.9,7.4,0,False,False,False
202505010505,3歳未勝利,2025/02/15,9,14,ファリーザ,13-12,34.1,8.9,0,True,True,True
202505010505,3歳未勝利,2025/02/15,10,12,グッバイウェーブ,4-4,35.0,132.3,0,False,False,False
202505010505,3歳未勝利,2025/02/15,11,2,ガンビーチ,11-10,34.6,10.6,0,False,False,False
202505010505,3歳未勝利,2025/02/15,12,10,セイウンネルケ,7-12,35.0,310.8,0,False,False,False
202505010505,3歳未勝利,2025/02/15,13,4,タルバン,14-14,34.6,268.9,0,True,False,False
202505010505,3歳未勝利,2025/02/15,14,11,マエストーソ,16-16,34.3,526.2,0,False,False,False
202505010505,3歳未勝利,2025/02/15,15,7,シャンハイノハナ,1-1,36.4,305.8,0,False,False,False
202505010505,3歳未勝利,2025/02/15,16,13,シルヴァーレディ,15-15,34.7,272.4,0,False,False,False
202505010506,3歳未勝利,2025/02/15,1,16,マリアイリダータ,9-9-9,33.8,8.8,350,False,False,False
202505010506,3歳未勝利,2025/02/15,2,14,アーラグラシア,7-7-7,34.1,3.7,160,False,True,False
202505010506,3歳未勝利,2025/02/15,3,8,ハーバードスクエア,7-7-7,34.2,8.2,220,False,True,False
202505010506,3歳未勝利,2025/02/15,4,13,サトノシャルレーヌ,4-4-4,34.5,22.7,0,False,False,False
202505010506,3歳未勝利,2025/02/15,5,9,マザーズウィル,2-1-1,35.1,38.2,0,True,True,True
202505010506,3歳未勝利,2025/02/15,6,7,アビッサルスター,4-4-4,34.8,4.7,0,False,True,False
202505010506,3歳未勝利,2025/02/15,7,6,テルケンユミクイン,14-12-9,34.5,107.4,0,False,False,False
202505010506,3歳未勝利,2025/02/15,8,3,ヴィヴィッドムーン,15-15-14,33.9,49.7,0,False,False,False
202505010506,3歳未勝利,2025/02/15,9,15,ラルガメンテ,13-14-14,34.0,6.9,0,False,False,False
202505010506,3歳未勝利,2025/02/15,10,4,ラッキーロジータ,9-9-9,34.8,15.5,0,True,False,False
202505010506,3歳未勝利,2025/02/15,11,11,フューチャーファン,3-2-3,35.8,5.0,0,False,True,False
202505010506,3歳未勝利,2025/02/15,12,12,ヨカゼ,9-11-12,34.8,118.9,0,False,False,False
202505010506,3歳未勝利,2025/02/15,13,2,エキゾチックガール,6-4-4,35.7,53.5,0,False,False,False
202505010506,3歳未勝利,2025/02/15,14,1,フィナルフェリス,16-16-16,34.1,187.8,0,False,False,False
202505010506,3歳未勝利,2025/02/15,15,10,タヤスソーレ,1-2-2,36.2,251.1,0,False,False,False
202505010506,3歳未勝利,2025/02/15,16,5,ニシノコヌカアメ,9-12-12,36.2,475.4,0,True,False,False
202505010507,3歳1勝クラス,2025/02/15,1,3,シルバーレイン,9-7,33.2,3.0,140,True,True,True
202505010507,3歳1勝クラス,2025/02/15,2,5,ソーダーンライト,4-4,33.9,13.9,320,False,False,False
202505010507,3歳1勝クラス,2025/02/15,3,1,パワースナッチ,6-5,33.8,7.5,210,False,False,False
202505010507,3歳1勝クラス,2025/02/15,4,7,マイネルステラート,1-1,35.9,14.9,0,False,False,False
202505010507,3歳1勝クラス,2025/02/15,5,10,マキシマムドライブ,3-3,34.3,10.1,0,False,False,False
202505010507,3歳1勝クラス,2025/02/15,6,6,ガンマジーティーピ,5-5,34.1,4.6,0,False,True,False
202505010507,3歳1勝クラス,2025/02/15,7,9,ミクストベリーズ,8-7,33.9,32.5,0,True,False,False
202505010507,3歳1勝クラス,2025/02/15,8,11,エンドレスサマー,2-2,35.7,16.8,0,True,False,False
202505010507,3歳1勝クラス,2025/02/15,9,4,コルチェスター,11-11,33.7,6.8,0,False,True,False
202505010507,3歳1勝クラス,2025/02/15,10,8,シュヴァルボヌール,11-11,33.8,13.5,0,False,True,False
202505010507,3歳1勝クラス,2025/02/15,11,12,フタイテンホイール,10-10,34.1,357.7,0,True,False,False
202505010507,3歳1勝クラス,2025/02/15,12,2,イノキ,6-7,34.5,34.8,0,True,False,False
202505010508,4歳以上2勝クラス,2025/02/15,1,12,ダノンザボルケーノ,7-7,36.3,4.4,160,False,True,False
202505010508,4歳以上2勝クラス,2025/02/15,2,15,ターコイズフリンジ,2-2,36.9,3.0,170,False,False,False
202505010508,4歳以上2勝クラス,2025/02/15,3,8,サトノアインス,10-11,36.2,18.0,290,False,False,False
202505010508,4歳以上2勝クラス,2025/02/15,4,2,マスグラバイト,8-7,36.8,19.4,0,False,False,False
202505010508,4歳以上2勝クラス,2025/02/15,5,4,レイズカイザー,13-13,35.9,50.7,0,True,False,False
202505010508,4歳以上2勝クラス,2025/02/15,6,11,パンテレリア,8-9,37.0,258.4,0,True,False,False
202505010508,4歳以上2勝クラス,2025/02/15,7,3,エンセリオ,10-9,37.0,87.8,0,True,False,False
202505010508,4歳以上2勝クラス,2025/02/15,8,5,カムランベイ,12-12,36.6,47.1,0,False,False,False
202505010508,4歳以上2勝クラス,2025/02/15,9,7,アオイミモザ,5-5,37.7,2.5,0,False,True,False
202505010508,4歳以上2勝クラス,2025/02/15,10,14,グリーンライズ,15-16,36.5,586.9,0,False,False,False
202505010508,4歳以上2勝クラス,2025/02/15,11,10,グーヴェルナイユ,6-5,38.5,16.7,0,False,False,False
202505010508,4歳以上2勝クラス,2025/02/15,12,6,ドライブアローカス,15-15,36.8,266.9,0,True,False,False
202505010508,4歳以上2勝クラス,2025/02/15,13,16,サトミノマロン,13-14,37.5,142.9,0,False,False,False
202505010508,4歳以上2勝クラス,2025/02/15,14,13,ナックダンス,3-3,39.4,328.1,0,True,False,False
202505010508,4歳以上2勝クラス,2025/02/15,15,9,ピコニ,1-1,41.3,24.8,0,False,False,False
202505010508,4歳以上2勝クラス,2025/02/15,16,1,ベネロングポイント,3-3,41.0,39.5,0,False,False,False
202505010509,箱根特別(2勝),2025/02/15,1,8,シャイニングソード,7-7-6-2,34.2,2.7,130,True,True,True
202505010509,箱根特別(2勝),2025/02/15,2,7,エセルフリーダ,2-2-1-1,34.4,3.3,120,False,True,False
202505010509,箱根特別(2勝),2025/02/15,3,4,アバンデル,9-9-8-8,34.2,5.9,130,False,True,False
202505010509,箱根特別(2勝),2025/02/15,4,1,ダノンホイットニー,3-3-4-4,34.8,4.9,0,True,True,True
202505010509,箱根特別(2勝),2025/02/15,5,11,スピーディブレイク,9-9-10-8,34.6,40.3,0,True,True,True
202505010509,箱根特別(2勝),2025/02/15,6,3,ノーブルクライ,6-6-7-8,34.6,154.6,0,True,False,False
202505010509,箱根特別(2勝),2025/02/15,7,10,カフェグランデ,4-3-2-2,35.0,7.4,0,False,True,False
202505010509,箱根特別(2勝),2025/02/15,8,5,シテフローラル,8-8-8-4,35.3,65.3,0,True,False,False
202505010509,箱根特別(2勝),2025/02/15,9,9,ナムアミダブツ,11-11-11-11,34.7,237.4,0,True,False,False
202505010509,箱根特別(2勝),2025/02/15,10,2,ソワドリヨン,4-3-4-4,35.3,48.8,0,True,False,False
202505010509,箱根特別(2勝),2025/02/15,11,6,ロンギングドルチェ,1-1-2-4,38.1,84.6,0,False,True,False
202505010510,銀蹄ステークス(3勝),2025/02/15,1,16,コンクイスタ,2-2,36.0,1.7,110,False,False,False
202505010510,銀蹄ステークス(3勝),2025/02/15,2,1,エストレヤデベレン,4-4,35.9,25.4,380,False,False,False
202505010510,銀蹄ステークス(3勝),2025/02/15,3,12,ストレングス,1-1,36.4,5.1,160,False,False,False
202505010510,銀蹄ステークス(3勝),2025/02/15,4,15,アッチャゴーラ,12-11,35.8,11.2,0,False,True,False
202505010510,銀蹄ステークス(3勝),2025/02/15,5,9,スタンリーテソーロ,5-5,36.4,42.6,0,True,False,False
202505010510,銀蹄ステークス(3勝),2025/02/15,6,14,ベルウェザー,8-10,36.3,9.9,0,False,False,False
202505010510,銀蹄ステークス(3勝),2025/02/15,7,10,ビートエモーション,7-7,36.6,41.0,0,False,True,False
202505010510,銀蹄ステークス(3勝),2025/02/15,8,4,レッドラパルマ,8-7,36.8,39.7,0,False,False,False
202505010510,銀蹄ステークス(3勝),2025/02/15,9,2,ハッピーロンドン,5-5,37.1,38.6,0,False,False,False
202505010510,銀蹄ステークス(3勝),2025/02/15,10,11,レッドシュヴェルト,14-14,36.5,16.3,0,True,True,True
202505010510,銀蹄ステークス(3勝),2025/02/15,11,6,グラスシフォン,14-15,36.4,44.4,0,False,False,False
202505010510,銀蹄ステークス(3勝),2025/02/15,12,7,ジャスリー,8-7,37.4,14.1,0,False,True,False
202505010510,銀蹄ステークス(3勝),2025/02/15,13,3,ホウオウフウジン,12-12,36.9,245.3,0,False,True,False
202505010510,銀蹄ステークス(3勝),2025/02/15,14,13,リッキーマジック,16-15,36.5,244.1,0,True,True,True
202505010510,銀蹄ステークス(3勝),2025/02/15,15,8,ポッドレオ,11-12,38.7,465.4,0,True,False,False
202505010510,銀蹄ステークス(3勝),2025/02/15,16,5,ケイアイメープル,2-2,41.4,230.7,0,False,False,False
202505010511,第60回デイリー杯クイーンC(GIII),2025/02/15,1,7,エンブロイダリー,2-2,34.9,4.9,220,False,True,False
202505010511,第60回デイリー杯クイーンC(GIII),2025/02/15,2,6,マピュース,7-4,34.8,23.4,520,False,True,False
202505010511,第60回デイリー杯クイーンC(GIII),2025/02/15,3,13,エストゥペンダ,12-11,34.3,16.2,350,False,True,False
202505010511,第60回デイリー杯クイーンC(GIII),2025/02/15,4,12,コートアリシアン,7-9,34.8,6.9,0,False,True,False
202505010511,第60回デイリー杯クイーンC(GIII),2025/02/15,5,2,スライビングロード,9-7,35.1,35.1,0,True,True,True
202505010511,第60回デイリー杯クイーンC(GIII),2025/02/15,6,11,マディソンガール,14-13,34.6,2.6,0,False,True,False
202505010511,第60回デイリー杯クイーンC(GIII),2025/02/15,7,5,ロートホルン,1-1,36.1,12.7,0,False,False,False
202505010511,第60回デイリー杯クイーンC(GIII),2025/02/15,8,8,ティラトーレ,3-3,35.8,19.2,0,False,True,False
202505010511,第60回デイリー杯クイーンC(GIII),2025/02/15,9,4,ショウナンザナドゥ,4-4,35.6,4.8,0,False,False,False
202505010511,第60回デイリー杯クイーンC(GIII),2025/02/15,10,10,ロンドボス,13-13,35.2,39.7,0,False,True,False
202505010511,第60回デイリー杯クイーンC(GIII),2025/02/15,11,1,ヴィヴァラリス,10-9,35.9,97.1,0,False,True,False
202505010511,第60回デイリー杯クイーンC(GIII),2025/02/15,12,9,レイユール,10-11,36.1,45.4,0,True,False,False
202505010511,第60回デイリー杯クイーンC(GIII),2025/02/15,13,14,ギフテッド,4-7,36.9,233.5,0,False,False,False
202505010511,第60回デイリー杯クイーンC(GIII),2025/02/15,14,3,ミラーダカリエンテ,4-4,37.3,257.0,0,True,False,False
202505010512,4歳以上1勝クラス,2025/02/15,1,5,シンバーシア,1-1,35.2,7.6,310,False,True,False
202505010512,4歳以上1勝クラス,2025/02/15,2,15,レッドレナート,2-2,35.1,125.9,2470,False,False,False
202505010512,4歳以上1勝クラス,2025/02/15,3,1,エフォートレス,4-3,35.1,3.7,180,False,True,False
202505010512,4歳以上1勝クラス,2025/02/15,4,10,エールトゥヘヴン,11-9,34.8,15.1,0,True,True,True
202505010512,4歳以上1勝クラス,2025/02/15,5,2,ゴールドシーン,12-12,34.6,7.6,0,False,True,False
202505010512,4歳以上1勝クラス,2025/02/15,6,7,ドリーミングアップ,16-15,34.1,16.0,0,True,True,True
202505010512,4歳以上1勝クラス,2025/02/15,7,4,ヴァンガーズハート,8-6,35.1,4.7,0,True,False,False
202505010512,4歳以上1勝クラス,2025/02/15,8,16,シルバースペード,9-10,35.2,21.2,0,False,False,False
202505010512,4歳以上1勝クラス,2025/02/15,9,6,ダノンアーリー,14-13,34.8,97.9,0,False,False,False
202505010512,4歳以上1勝クラス,2025/02/15,10,9,グランカンタンテ,9-10,35.5,73.8,0,True,False,False
202505010512,4歳以上1勝クラス,2025/02/15,11,3,ハーエクセレンシー,5-5,36.0,15.0,0,True,False,False
202505010512,4歳以上1勝クラス,2025/02/15,12,12,ジュンブライト,13-13,35.1,5.2,0,False,True,False
202505010512,4歳以上1勝クラス,2025/02/15,13,8,ミヤジテン,15-16,34.7,266.8,0,False,True,False
202505010512,4歳以上1勝クラス,2025/02/15,14,13,カイトグート,6-6,36.2,28.7,0,False,False,False
202505010512,4歳以上1勝クラス,2025/02/15,15,11,ホイッスルソング,6-6,36.4,142.7,0,True,False,False
202505010512,4歳以上1勝クラス,2025/02/15,16,14,イズジョーノヒカリ,2-3,38.4,216.1,0,False,True,False
202506010101,3歳未勝利,2025/01/05,1,11,ピッツァナポリ,1-1,37.7,2.5,120,True,False,False
202506010101,3歳未勝利,2025/01/05,2,3,グリューネベルグ,7-7,37.4,12.0,280,False,False,False
202506010101,3歳未勝利,2025/01/05,3,13,ロッキンミー,3-3,38.1,156.0,1980,False,False,False
202506010101,3歳未勝利,2025/01/05,4,10,ルックアトミー,5-5,38.0,2.8,0,False,False,False
202506010101,3歳未勝利,2025/01/05,5,12,ダイチラポール,2-2,38.7,7.3,0,False,False,False
202506010101,3歳未勝利,2025/01/05,6,2,ジルクン,13-11,37.0,50.1,0,False,True,False
202506010101,3歳未勝利,2025/01/05,7,8,セイリオス,9-8,37.8,211.8,0,False,False,False
202506010101,3歳未勝利,2025/01/05,8,4,タッカーバリアント,5-5,38.7,8.4,0,True,False,False
202506010101,3歳未勝利,2025/01/05,9,7,コナベイション,3-3,39.0,11.6,0,False,False,False
202506010101,3歳未勝利,2025/01/05,10,5,チャンピオンリボン,9-9,38.2,196.9,0,True,False,False
202506010101,3歳未勝利,2025/01/05,11,1,ショウブダッシュ,11-11,38.0,231.3,0,False,False,False
202506010101,3歳未勝利,2025/01/05,12,9,ビスケットマリー,15-14,38.0,131.9,0,False,True,False
202506010101,3歳未勝利,2025/01/05,13,16,カツノトゥウェルヴ,14-14,38.3,73.0,0,True,False,False
202506010101,3歳未勝利,2025/01/05,14,14,ノアファースト,16-14,38.0,189.5,0,True,False,False
202506010101,3歳未勝利,2025/01/05,15,6,ニシノティターニア,8-9,39.5,75.8,0,False,False,False
202506010101,3歳未勝利,2025/01/05,16,15,キャプティバ,12-13,39.3,556.3,0,False,False,False
202506010102,3歳未勝利,2025/01/05,1,6,フィーリウス,13-13-5-5,38.7,7.3,210,False,True,False
202506010102,3歳未勝利,2025/01/05,2,12,ロンパイア,11-11-2-1,39.0,7.5,230,False,True,False
202506010102,3歳未勝利,2025/01/05,3,2,ブレトワルダ,5-5-7-7,38.6,8.2,230,False,True,False
202506010102,3歳未勝利,2025/01/05,4,14,プロスペクトパーク,3-3-2-2,39.3,7.8,0,True,False,False
202506010102,3歳未勝利,2025/01/05,5,13,アイオリア,5-5-2-2,40.2,2.3,0,False,False,False
202506010102,3歳未勝利,2025/01/05,6,15,ルシード,2-2-5-5,40.2,19.8,0,False,False,False
202506010102,3歳未勝利,2025/01/05,7,8,ギンガエクスプレス,9-9-11-10,39.5,179.8,0,True,False,False
202506010102,3歳未勝利,2025/01/05,8,16,バレアリックシー,9-9-10-10,39.6,121.2,0,False,False,False
202506010102,3歳未勝利,2025/01/05,9,9,シリウスライト,15-15-13-12,39.2,412.8,0,True,False,False
202506010102,3歳未勝利,2025/01/05,10,4,ヴィジブルライト,5-5-7-7,40.5,5.2,0,True,True,True
202506010102,3歳未勝利,2025/01/05,11,11,クラウンジュエル,14-14-13-12,39.3,336.5,0,True,False,False
202506010102,3歳未勝利,2025/01/05,12,5,アイスヴィレッジ,1-1-1-2,41.1,57.0,0,True,False,False
202506010102,3歳未勝利,2025/01/05,13,7,アタックスリー,11-11-11-12,42.0,468.3,0,True,False,False
202506010102,3歳未勝利,2025/01/05,14,1,レイラインシチー,3-3-7-9,43.4,59.1,0,True,False,False
202506010102,3歳未勝利,2025/01/05,15,3,ブレイクバウンズ,5-5-15-15,41.9,283.0,0,False,False,False
202506010102,3歳未勝利,2025/01/05,16,10,ジュンアベリアシノ,16-16-16-16,46.4,435.4,0,False,False,False
202506010103,3歳新馬,2025/01/05,1,12,タマモトリノ,2-2-3-2,38.4,8.9,250,False,False,False
202506010103,3歳新馬,2025/01/05,2,7,ホウオウサムレット,7-7-1-1,38.9,2.5,150,False,False,False
202506010103,3歳新馬,2025/01/05,3,16,ヌンボラ,3-3-3-5,39.7,98.2,1570,False,False,False
202506010103,3歳新馬,2025/01/05,4,15,フローラルデザイン,4-5-3-2,40.0,24.2,0,False,False,False
202506010103,3歳新馬,2025/01/05,5,13,ジロラータ,10-10-6-5,39.8,6.2,0,False,False,False
202506010103,3歳新馬,2025/01/05,6,3,モリノハーバー,4-5-9-8,39.4,29.2,0,False,False,False
202506010103,3歳新馬,2025/01/05,7,4,ニシノジョバンニ,14-11-2-2,40.6,44.2,0,False,False,False
202506010103,3歳新馬,2025/01/05,8,1,アズユーライク,4-3-7-7,39.9,4.8,0,False,False,False
202506010103,3歳新馬,2025/01/05,9,11,ウィンターサン,1-1-7-8,40.5,7.5,0,False,False,False
202506010103,3歳新馬,2025/01/05,10,14,ヴァルトバーデン,12-11-11-10,40.1,114.0,0,False,False,False
202506010103,3歳新馬,2025/01/05,11,9,ホロヨイマンゲツ,9-7-9-10,41.1,151.8,0,False,False,False
202506010103,3歳新馬,2025/01/05,12,5,ゴールドパートナー,10-11-14-14,39.7,11.5,0,False,False,False
202506010103,3歳新馬,2025/01/05,13,10,スイープビクトリー,13-15-15-15,39.7,147.2,0,False,False,False
202506010103,3歳新馬,2025/01/05,14,8,ブルーラジカル,14-14-13-13,40.8,76.7,0,False,False,False
202506010103,3歳新馬,2025/01/05,15,2,オンクラウドナイン,16-16-16-16,38.6,73.2,0,False,False,False
202506010103,3歳新馬,2025/01/05,16,6,ニシノステディミキ,7-7-11-12,44.4,233.6,0,False,False,False
202506010104,4歳以上1勝クラス,2025/01/05,1,1,ロードブレイズ,3-3-3-3,39.1,5.7,260,True,False,False
202506010104,4歳以上1勝クラス,2025/01/05,2,8,コスモジンバック,1-1-1-1,39.3,17.0,410,False,False,False
202506010104,4歳以上1勝クラス,2025/01/05,3,7,トゥザヒロイン,6-5-5-4,39.5,50.2,710,False,True,False
202506010104,4歳以上1勝クラス,2025/01/05,4,6,ジーティーアグリム,2-2-2-2,40.1,218.0,0,False,False,False
202506010104,4歳以上1勝クラス,2025/01/05,5,10,オウケンシルヴァー,10-10-8-7,39.3,25.6,0,True,False,False
202506010104,4歳以上1勝クラス,2025/01/05,6,3,トゥルース,12-12-9-9,39.1,123.8,0,False,False,False
202506010104,4歳以上1勝クラス,2025/01/05,7,9,マコタイガ,6-7-7-5,39.5,7.9,0,False,True,False
202506010104,4歳以上1勝クラス,2025/01/05,8,5,シーリュウシー,12-12-9-10,39.5,1.8,0,False,True,False
202506010104,4歳以上1勝クラス,2025/01/05,9,4,ダノンペドロ,4-4-3-5,40.5,13.7,0,True,False,False
202506010104,4歳以上1勝クラス,2025/01/05,10,13,パッカパッカブー,14-14-14-13,39.6,49.9,0,True,False,False
202506010104,4歳以上1勝クラス,2025/01/05,11,14,アスプリージャ,5-5-5-7,40.8,21.4,0,True,False,False
202506010104,4歳以上1勝クラス,2025/01/05,12,16,サトノレイズ,6-7-9-10,40.5,10.3,0,False,False,False
202506010104,4歳以上1勝クラス,2025/01/05,13,2,ブレイヴアロウ,10-10-9-12,40.6,75.0,0,False,False,False
202506010104,4歳以上1勝クラス,2025/01/05,14,15,デリシュレーヌ,15-15-14-14,40.5,95.1,0,False,False,False
202506010104,4歳以上1勝クラス,2025/01/05,15,11,トゥラムプラッツ,16-16-16-16,40.4,354.8,0,False,False,False
202506010104,4歳以上1勝クラス,2025/01/05,16,12,オブシディアン,6-7-9-15,43.0,126.8,0,True,False,False
202506010105,3歳未勝利,2025/01/05,1,6,フィールドノート,11-11-11,34.0,7.2,320,False,False,False
202506010105,3歳未勝利,2025/01/05,2,11,ルトンワージ,8-10-6,34.3,5.1,180,True,True,True
202506010105,3歳未勝利,2025/01/05,3,5,エンゲルシュピール,3-3-2,35.1,12.3,270,False,True,False
202506010105,3歳未勝利,2025/01/05,4,3,ガジュノリホワイト,2-2-2,35.3,9.0,0,False,False,False
202506010105,3歳未勝利,2025/01/05,5,7,マイネルレクエルド,5-7-6,35.3,21.4,0,False,True,False
202506010105,3歳未勝利,2025/01/05,6,16,カーヌスティ,3-3-2,35.7,7.4,0,True,False,False
202506010105,3歳未勝利,2025/01/05,7,10,エメラルドラグーン,9-9-9,35.4,576.2,0,False,False,False
202506010105,3歳未勝利,2025/01/05,8,4,ニシノコイネガイ,5-6-6,35.7,230.5,0,True,False,False
202506010105,3歳未勝利,2025/01/05,9,1,ニシノコイブミ,5-3-5,35.9,2.2,0,True,False,False
202506010105,3歳未勝利,2025/01/05,10,12,シベリアンデネブ,9-12-12,35.1,126.3,0,False,False,False
202506010105,3歳未勝利,2025/01/05,11,8,キャピタルプレイン,13-13-12,35.1,13.9,0,False,False,False
202506010105,3歳未勝利,2025/01/05,12,15,フレンドシルバー,13-13-14,35.3,356.1,0,True,False,False
202506010105,3歳未勝利,2025/01/05,13,13,メロンパンマニア,15-15-14,35.4,293.4,0,False,False,False
202506010105,3歳未勝利,2025/01/05,14,14,ゼンブママノセイ,1-1-1,37.3,140.8,0,False,False,False
202506010105,3歳未勝利,2025/01/05,15,2,エンジェライト,11-7-9,36.7,528.4,0,False,False,False
202506010105,3歳未勝利,2025/01/05,16,9,タギマサダス,15-16-16,36.5,313.8,0,False,False,False
202506010106,3歳新馬,2025/01/05,1,4,ノクターン,6-6-6-4,35.2,2.0,130,False,False,False
202506010106,3歳新馬,2025/01/05,2,8,ラッキーロジータ,8-8-6-3,35.7,10.3,240,False,False,False
202506010106,3歳新馬,2025/01/05,3,15,トーセンリバーブ,3-3-3-2,36.2,114.7,1570,False,False,False
202506010106,3歳新馬,2025/01/05,4,10,ヴォイスオブゼウス,11-11-8-7,35.5,35.6,0,False,False,False
202506010106,3歳新馬,2025/01/05,5,11,ピュルテ,8-8-8-8,35.7,58.1,0,False,False,False
202506010106,3歳新馬,2025/01/05,6,12,ミクニインスパイア,8-8-12-11,35.6,13.9,0,False,False,False
202506010106,3歳新馬,2025/01/05,7,13,ミスターボビー,2-2-2-1,37.3,28.5,0,False,False,False
202506010106,3歳新馬,2025/01/05,8,1,レイーナアスール,3-3-4-4,37.1,57.3,0,False,False,False
202506010106,3歳新馬,2025/01/05,9,14,ニシノイッキサス,12-12-8-8,37.0,40.3,0,False,False,False
202506010106,3歳新馬,2025/01/05,10,7,キングズトゥルー,6-7-8-11,37.5,14.4,0,False,False,False
202506010106,3歳新馬,2025/01/05,11,9,カレラエンブレマ,15-15-12-13,37.3,6.3,0,False,False,False
202506010106,3歳新馬,2025/01/05,12,17,ダブルドラゴン,12-12-12-8,37.6,167.9,0,False,False,False
202506010106,3歳新馬,2025/01/05,13,6,エリジブル,17-17-16-15,36.7,16.6,0,False,False,False
202506010106,3歳新馬,2025/01/05,14,18,ポートタウランガ,15-14-15-13,37.7,225.5,0,False,False,False
202506010106,3歳新馬,2025/01/05,15,5,ボスポラス,18-18-17-17,36.3,98.5,0,False,False,False
202506010106,3歳新馬,2025/01/05,16,16,パブリックスフィア,14-15-17-17,36.3,35.1,0,False,False,False
202506010106,3歳新馬,2025/01/05,17,2,オーロプロサングエ,1-1-1-4,40.5,31.9,0,False,False,False
202506010106,3歳新馬,2025/01/05,中,3,アミドゥクール,3-3-5-16,,11.2,0,False,False,False
202506010107,4歳以上1勝クラス,2025/01/05,1,16,アンブロジアーナ,3-3-3-3,38.5,30.8,810,True,False,False
202506010107,4歳以上1勝クラス,2025/01/05,2,5,ビップレーヌ,2-2-2-1,38.7,7.9,290,False,False,False
202506010107,4歳以上1勝クラス,2025/01/05,3,8,マフィン,4-4-4-5,38.4,65.5,1170,False,False,False
202506010107,4歳以上1勝クラス,2025/01/05,4,3,イラーナ,4-4-4-3,38.6,5.7,0,True,False,False
202506010107,4歳以上1勝クラス,2025/01/05,5,12,ミラクルキャッツ,4-4-4-5,38.7,3.2,0,True,False,False
202506010107,4歳以上1勝クラス,2025/01/05,6,10,ラジエル,7-7-7-7,38.6,31.1,0,False,False,False
202506010107,4歳以上1勝クラス,2025/01/05,7,11,ヒラリーステップ,9-9-7-9,38.7,12.5,0,False,False,False
202506010107,4歳以上1勝クラス,2025/01/05,8,14,グランコネクシオン,14-14-12-14,38.1,25.9,0,False,False,False
202506010107,4歳以上1勝クラス,2025/01/05,9,6,アステロイドメア,7-7-7-7,38.8,5.2,0,False,True,False
202506010107,4歳以上1勝クラス,2025/01/05,10,15,チャイボーグ,16-16-16-15,37.9,270.6,0,True,False,False
202506010107,4歳以上1勝クラス,2025/01/05,11,9,オランジー,11-13-12-11,38.3,145.0,0,True,False,False
202506010107,4歳以上1勝クラス,2025/01/05,12,13,ヤエベニシダレ,15-15-15-15,38.3,36.9,0,False,False,False
202506010107,4歳以上1勝クラス,2025/01/05,13,2,レシェルドランジュ,1-1-1-2,40.2,31.3,0,True,False,False
202506010107,4歳以上1勝クラス,2025/01/05,14,7,アルヴィエンヌ,11-11-10-11,39.5,8.1,0,True,False,False
202506010107,4歳以上1勝クラス,2025/01/05,15,1,ドリームクルーズ,9-9-10-10,39.9,17.7,0,False,False,False
202506010107,4歳以上1勝クラス,2025/01/05,16,4,ファイブセンス,11-11-12-11,40.5,105.1,0,False,False,False
202506010108,4歳以上2勝クラス,2025/01/05,1,11,レオテミス,1-1,34.0,4.2,190,False,True,False
202506010108,4歳以上2勝クラス,2025/01/05,2,12,マキアージュ,2-2,34.2,12.2,310,True,False,False
202506010108,4歳以上2勝クラス,2025/01/05,3,16,トーラスシャイン,4-3,34.4,6.7,260,False,False,False
202506010108,4歳以上2勝クラス,2025/01/05,4,6,ヒラボクミニー,4-3,34.5,7.4,0,False,False,False
202506010108,4歳以上2勝クラス,2025/01/05,5,4,ダークンストーミー,10-8,33.9,313.3,0,True,False,False
202506010108,4歳以上2勝クラス,2025/01/05,6,9,トリップトゥムーン,12-12,33.9,273.2,0,False,False,False
202506010108,4歳以上2勝クラス,2025/01/05,7,3,スティールブルー,6-8,34.4,2.9,0,False,False,False
202506010108,4歳以上2勝クラス,2025/01/05,8,8,モズトキキ,9-10,34.2,11.0,0,False,False,False
202506010108,4歳以上2勝クラス,2025/01/05,9,14,ジャガード,14-12,33.9,126.5,0,False,False,False
202506010108,4歳以上2勝クラス,2025/01/05,10,7,スピリットガイド,6-6,34.7,13.6,0,True,False,False
202506010108,4歳以上2勝クラス,2025/01/05,11,1,ベルウッドブラボー,6-7,34.9,47.6,0,False,False,False
202506010108,4歳以上2勝クラス,2025/01/05,12,2,ルカン,12-10,34.4,103.7,0,False,False,False
202506010108,4歳以上2勝クラス,2025/01/05,13,10,アコルダール,15-15,34.1,87.1,0,True,True,True
202506010108,4歳以上2勝クラス,2025/01/05,14,13,ディオアステリア,10-12,34.7,43.5,0,False,False,False
202506010108,4歳以上2勝クラス,2025/01/05,15,5,アイルドリアン,2-3,35.7,16.1,0,False,False,False
202506010108,4歳以上2勝クラス,2025/01/05,16,15,クインズコスモス,16-16,35.0,140.0,0,False,False,False
202506010109,招福ステークス(3勝),2025/01/05,1,15,ピュアキアン,1-1-1-1,37.9,13.8,460,True,False,False
202506010109,招福ステークス(3勝),2025/01/05,2,16,アスクビックスター,10-11-9-8,36.8,118.7,1730,True,False,False
202506010109,招福ステークス(3勝),2025/01/05,3,10,ジョージテソーロ,2-2-3-3,37.9,21.7,790,False,False,False
202506010109,招福ステークス(3勝),2025/01/05,4,1,スノーグレース,5-5-3-5,37.8,39.1,0,False,False,False
202506010109,招福ステークス(3勝),2025/01/05,5,13,テーオーパスワード,5-6-6-6,37.4,3.0,0,False,False,False
202506010109,招福ステークス(3勝),2025/01/05,6,9,ロジアデレード,3-3-6-6,37.7,5.8,0,False,False,False
202506010109,招福ステークス(3勝),2025/01/05,7,14,マンマリアーレ,7-7-8-9,37.7,4.7,0,True,True,True
202506010109,招福ステークス(3勝),2025/01/05,8,7,オンザライン,13-13-13-10,37.1,34.7,0,False,False,False
202506010109,招福ステークス(3勝),2025/01/05,9,8,トップオブジェラス,3-3-3-3,38.5,26.1,0,False,True,False
202506010109,招福ステークス(3勝),2025/01/05,10,4,ベンテイガ,16-16-14-15,37.1,367.4,0,False,False,False
202506010109,招福ステークス(3勝),2025/01/05,11,6,グロッシェン,7-7-10-12,37.6,4.3,0,False,True,False
202506010109,招福ステークス(3勝),2025/01/05,12,12,ウインスノーライト,14-10-2-2,39.0,29.7,0,True,False,False
202506010109,招福ステークス(3勝),2025/01/05,13,2,サンライズグルーヴ,14-15-14-14,37.2,27.2,0,False,False,False
202506010109,招福ステークス(3勝),2025/01/05,14,3,メイショウカゲカツ,12-13-16-16,37.4,173.0,0,True,False,False
202506010109,招福ステークス(3勝),2025/01/05,15,11,メイクザビート,10-11-10-10,38.6,90.8,0,False,False,False
202506010109,招福ステークス(3勝),2025/01/05,16,5,ダスク,7-7-10-12,39.7,156.8,0,False,False,False
202506010110,ジュニアカップ(L),2025/01/05,1,9,ファンダム,4-3-2,34.2,1.8,120,False,False,False
202506010110,ジュニアカップ(L),2025/01/05,2,10,モンドデラモーレ,6-3-4,34.2,5.5,180,True,False,False
202506010110,ジュニアカップ(L),2025/01/05,3,7,モンテシート,2-3-4,34.7,61.9,600,False,True,False
202506010110,ジュニアカップ(L),2025/01/05,4,1,ディオデルマーレ,11-6-6,34.5,11.4,0,True,True,True
202506010110,ジュニアカップ(L),2025/01/05,5,8,シンフォーエバー,2-2-2,35.0,5.8,0,False,False,False
202506010110,ジュニアカップ(L),2025/01/05,6,6,ワース,6-6-6,34.7,8.9,0,False,True,False
202506010110,ジュニアカップ(L),2025/01/05,7,3,ビッキーファースト,11-10-9,34.7,141.1,0,False,False,False
202506010110,ジュニアカップ(L),2025/01/05,8,2,ギフテッド,14-14-14,34.3,28.3,0,True,False,False
202506010110,ジュニアカップ(L),2025/01/05,9,13,バセリーナ,13-13-12,34.5,307.0,0,False,False,False
202506010110,ジュニアカップ(L),2025/01/05,10,4,デリュージョン,15-15-15,33.9,97.5,0,False,True,False
202506010110,ジュニアカップ(L),2025/01/05,11,11,バニーラビット,4-6-6,35.3,55.7,0,True,False,False
202506010110,ジュニアカップ(L),2025/01/05,12,12,メルキオル,1-1-1,35.9,39.7,0,False,True,False
202506010110,ジュニアカップ(L),2025/01/05,13,15,ニシノルアノーヴァ,6-6-9,35.5,184.2,0,False,False,False
202506010110,ジュニアカップ(L),2025/01/05,14,14,アリオーンスマイル,9-12-12,35.2,400.0,0,False,False,False
202506010110,ジュニアカップ(L),2025/01/05,15,5,スマッシュアウト,9-10-9,35.5,25.3,0,False,True,False
202506010111,第74回日刊スポ賞中山金杯(GIII),2025/01/05,1,2,アルナシーム,11-10-9-6,34.6,8.4,300,False,False,False
202506010111,第74回日刊スポ賞中山金杯(GIII),2025/01/05,2,7,マイネルモーント,13-12-11-9,34.6,10.2,310,True,False,False
202506010111,第74回日刊スポ賞中山金杯(GIII),2025/01/05,3,16,ボーンディスウェイ,3-3-3-3,35.7,16.5,430,False,False,False
202506010111,第74回日刊スポ賞中山金杯(GIII),2025/01/05,4,15,クリスマスパレード,1-1-1-1,36.1,4.4,0,False,False,False
202506010111,第74回日刊スポ賞中山金杯(GIII),2025/01/05,5,9,ギャラクシーナイト,16-16-16-14,34.5,88.4,0,True,False,False
202506010111,第74回日刊スポ賞中山金杯(GIII),2025/01/05,6,3,パラレルヴィジョン,9-8-9-9,35.0,11.3,0,False,False,False
202506010111,第74回日刊スポ賞中山金杯(GIII),2025/01/05,7,5,ショウナンアデイブ,6-6-6-6,35.4,19.6,0,False,False,False
202506010111,第74回日刊スポ賞中山金杯(GIII),2025/01/05,8,8,エアファンディタ,18-18-18-18,34.4,26.0,0,True,True,True
202506010111,第74回日刊スポ賞中山金杯(GIII),2025/01/05,9,18,ホウオウビスケッツ,2-2-2-2,36.4,4.6,0,False,False,False
202506010111,第74回日刊スポ賞中山金杯(GIII),2025/01/05,10,1,ラーグルフ,15-14-15-11,35.1,42.5,0,True,False,False
202506010111,第74回日刊スポ賞中山金杯(GIII),2025/01/05,11,10,セイウンプラチナ,4-5-5-4,36.0,120.5,0,True,False,False
202506010111,第74回日刊スポ賞中山金杯(GIII),2025/01/05,12,17,シンリョクカ,7-8-8-11,35.5,7.8,0,True,False,False
202506010111,第74回日刊スポ賞中山金杯(GIII),2025/01/05,13,6,カラテ,9-10-11-14,35.4,64.8,0,True,False,False
202506010111,第74回日刊スポ賞中山金杯(GIII),2025/01/05,14,4,ジェイパームス,7-6-6-6,35.9,29.8,0,True,False,False
202506010111,第74回日刊スポ賞中山金杯(GIII),2025/01/05,15,14,リカンカブール,16-16-16-16,35.5,8.5,0,False,False,False
202506010111,第74回日刊スポ賞中山金杯(GIII),2025/01/05,16,13,アドマイヤビルゴ,11-12-11-16,36.6,244.5,0,False,False,False
202506010111,第74回日刊スポ賞中山金杯(GIII),2025/01/05,17,12,ディオスバリエンテ,4-3-3-4,38.2,73.5,0,False,False,False
202506010111,第74回日刊スポ賞中山金杯(GIII),2025/01/05,18,11,カレンシュトラウス,13-14-11-11,37.3,258.7,0,False,False,False
202506010112,4歳以上2勝クラス,2025/01/05,1,5,ムーム,1-1,36.5,7.3,220,False,True,False
202506010112,4歳以上2勝クラス,2025/01/05,2,6,シャカシャカシー,2-2,36.3,3.3,180,False,True,False
202506010112,4歳以上2勝クラス,2025/01/05,3,16,モンドプリューム,7-7,36.3,5.8,210,False,False,False
202506010112,4歳以上2勝クラス,2025/01/05,4,14,ウィンダミア,5-5,36.8,3.2,0,False,True,False
202506010112,4歳以上2勝クラス,2025/01/05,5,2,サイヤダンサー,3-4,37.0,102.5,0,False,False,False
202506010112,4歳以上2勝クラス,2025/01/05,6,7,ジューンポンポン,13-12,36.2,90.8,0,False,True,False
202506010112,4歳以上2勝クラス,2025/01/05,7,8,レヴィテーション,15-16,36.0,39.9,0,True,False,False
202506010112,4歳以上2勝クラス,2025/01/05,8,4,フォルクスリート,10-9,36.8,7.3,0,False,True,False
202506010112,4歳以上2勝クラス,2025/01/05,9,15,トウカイファクター,10-11,36.8,15.6,0,False,False,False
202506010112,4歳以上2勝クラス,2025/01/05,10,9,ニルアドミラリ,3-3,37.4,143.0,0,False,False,False
202506010112,4歳以上2勝クラス,2025/01/05,11,3,イルザ,13-12,36.6,23.0,0,False,True,False
202506010112,4歳以上2勝クラス,2025/01/05,12,12,プルスウルトラ,12-12,37.0,261.8,0,True,False,False
202506010112,4歳以上2勝クラス,2025/01/05,13,13,キングクー,5-5,37.6,43.0,0,False,False,False
202506010112,4歳以上2勝クラス,2025/01/05,14,11,マイアミュレット,7-9,37.4,252.6,0,True,False,False
202506010112,4歳以上2勝クラス,2025/01/05,15,10,グリーンライズ,15-15,36.6,282.4,0,True,True,True
202506010112,4歳以上2勝クラス,2025/01/05,16,1,リッキーヤスオカ,7-7,38.2,177.6,0,False,False,False
202506010201,3歳未勝利,2025/01/06,1,4,パシーヴ,6-5,37.5,4.7,190,True,True,True
202506010201,3歳未勝利,2025/01/06,2,16,イズルード,2-2,38.1,18.2,560,False,False,False
202506010201,3歳未勝利,2025/01/06,3,2,メイユウ,8-7,37.3,10.7,310,False,False,False
202506010201,3歳未勝利,2025/01/06,4,15,ガンハンマー,11-10,36.9,6.2,0,False,True,False
202506010201,3歳未勝利,2025/01/06,5,13,ショウナンカチドキ,4-4,38.2,2.6,0,False,False,False
202506010201,3歳未勝利,2025/01/06,6,14,カーティブヨーク,10-10,37.3,34.7,0,False,False,False
202506010201,3歳未勝利,2025/01/06,7,5,ハナナラツボミ,2-2,38.9,17.9,0,False,False,False
202506010201,3歳未勝利,2025/01/06,8,9,アイビーガオー,4-5,38.6,213.5,0,False,False,False
202506010201,3歳未勝利,2025/01/06,9,7,ヘッズアップ,9-9,38.2,286.5,0,False,False,False
202506010201,3歳未勝利,2025/01/06,10,1,ミヤマイルス,1-1,39.6,4.4,0,False,False,False
202506010201,3歳未勝利,2025/01/06,11,10,ヒソカ,6-7,39.1,335.5,0,True,False,False
202506010201,3歳未勝利,2025/01/06,12,8,リネンドライブ,13-13,37.8,93.5,0,False,True,False
202506010201,3歳未勝利,2025/01/06,13,11,クリアクォーツ,13-12,37.8,84.2,0,False,False,False
202506010201,3歳未勝利,2025/01/06,14,6,アスクサヴァイバル,15-15,38.5,227.9,0,False,False,False
202506010201,3歳未勝利,2025/01/06,15,12,ビッグスリック,16-15,38.4,425.5,0,False,True,False
202506010201,3歳未勝利,2025/01/06,16,3,ハピハピハッピー,11-13,40.3,252.7,0,True,False,False
202506010202,3歳未勝利,2025/01/06,1,16,ラーナローザ,2-2-2-2,39.8,2.3,120,False,False,False
202506010202,3歳未勝利,2025/01/06,2,3,シナツヒメ,3-3-2-2,39.7,5.0,140,True,True,True
202506010202,3歳未勝利,2025/01/06,3,7,フォンデネージュ,5-5-4-4,39.7,4.4,140,True,False,False
202506010202,3歳未勝利,2025/01/06,4,1,アイアンオバーカム,6-5-4-4,40.4,444.8,0,True,False,False
202506010202,3歳未勝利,2025/01/06,5,4,サーフプラチナム,15-15-11-16,40.4,398.2,0,False,False,False
202506010202,3歳未勝利,2025/01/06,6,5,アイヨトワニ,6-7-7-6,41.0,81.4,0,True,False,False
202506010202,3歳未勝利,2025/01/06,7,8,クインズエクレア,9-11-11-9,40.8,3.4,0,True,False,False
202506010202,3歳未勝利,2025/01/06,8,9,スナドケイ,6-7-7-7,41.0,199.7,0,False,False,False
202506010202,3歳未勝利,2025/01/06,9,11,リュウゼツラン,14-14-14-11,40.5,75.1,0,True,False,False
202506010202,3歳未勝利,2025/01/06,10,6,ラブミーナタリー,9-10-7-9,41.4,308.6,0,True,False,False
202506010202,3歳未勝利,2025/01/06,11,15,デスティニーホープ,1-1-1-1,42.3,26.4,0,True,False,False
202506010202,3歳未勝利,2025/01/06,12,14,ビップジェシー,3-3-4-7,42.0,392.4,0,True,False,False
202506010202,3歳未勝利,2025/01/06,13,2,プレシャスアセット,12-12-11-11,41.3,103.2,0,False,False,False
202506010202,3歳未勝利,2025/01/06,14,12,ファランジリング,16-16-14-11,41.4,37.1,0,True,False,False
202506010202,3歳未勝利,2025/01/06,15,13,ベアショット,13-13-14-11,41.6,555.4,0,False,False,False
202506010202,3歳未勝利,2025/01/06,16,10,セイカエイレーネー,9-7-7-15,43.4,442.2,0,False,False,False
202506010203,3歳未勝利,2025/01/06,1,16,ニューファウンド,3-3-3-2,39.5,9.5,180,True,False,False
202506010203,3歳未勝利,2025/01/06,2,15,ブルータス,1-1-1-1,40.0,1.6,110,False,True,False
202506010203,3歳未勝利,2025/01/06,3,3,ハクシンブライアン,8-8-7-6,39.8,4.0,120,False,True,False
202506010203,3歳未勝利,2025/01/06,4,6,ロードスカイブルー,10-10-10-7,39.5,33.9,0,True,False,False
202506010203,3歳未勝利,2025/01/06,5,2,ファンタズマ,6-6-4-3,40.5,14.2,0,False,False,False
202506010203,3歳未勝利,2025/01/06,6,8,ローズマイスター,4-4-4-3,40.9,26.2,0,True,True,True
202506010203,3歳未勝利,2025/01/06,7,7,ブリヤディアマンテ,14-14-12-11,40.3,93.9,0,True,False,False
202506010203,3歳未勝利,2025/01/06,8,4,スマートクオーレ,15-14-12-13,40.3,98.2,0,False,False,False
202506010203,3歳未勝利,2025/01/06,9,9,キャピタルリッチ,9-9-9-7,41.4,21.6,0,False,False,False
202506010203,3歳未勝利,2025/01/06,10,14,マイネルラカイユ,10-10-11-11,41.8,113.3,0,True,False,False
202506010203,3歳未勝利,2025/01/06,11,1,グラスビジョン,12-12-12-13,41.6,118.9,0,True,False,False
202506010203,3歳未勝利,2025/01/06,12,12,バンブルビー,4-4-6-9,44.1,15.4,0,False,False,False
202506010203,3歳未勝利,2025/01/06,13,11,ヴェナートル,7-7-7-10,44.1,524.5,0,True,False,False
202506010203,3歳未勝利,2025/01/06,14,10,ブレードダンシング,12-12-12-15,44.2,322.8,0,False,False,False
202506010203,3歳未勝利,2025/01/06,15,13,カイトヴィント,16-16-16-16,45.9,238.9,0,False,False,False
202506010203,3歳未勝利,2025/01/06,中,5,シーフライト,2-2-2-5,,106.0,0,False,False,False
202506010204,4歳以上1勝クラス,2025/01/06,1,14,ホウオウフロイト,15-14,36.6,211.9,3200,False,False,False
202506010204,4歳以上1勝クラス,2025/01/06,2,15,オセアエクスプレス,8-7,37.6,6.4,240,False,False,False
202506010204,4歳以上1勝クラス,2025/01/06,3,1,ロサンゼルス,5-4,37.9,4.3,190,False,False,False
202506010204,4歳以上1勝クラス,2025/01/06,4,10,グッドヴァイブス,2-2,38.5,21.6,0,False,True,False
202506010204,4歳以上1勝クラス,2025/01/06,5,6,アオカミ,12-12,37.7,20.5,0,False,True,False
202506010204,4歳以上1勝クラス,2025/01/06,6,8,ペイシャスウィフト,12-11,37.7,11.4,0,False,False,False
202506010204,4歳以上1勝クラス,2025/01/06,7,11,ペッパーミル,5-4,38.2,11.2,0,False,True,False
202506010204,4歳以上1勝クラス,2025/01/06,8,3,アンバーニードル,3-3,38.6,4.7,0,False,False,False
202506010204,4歳以上1勝クラス,2025/01/06,9,12,トライデント,15-16,37.1,95.3,0,True,False,False
202506010204,4歳以上1勝クラス,2025/01/06,10,13,オオゾラヒバリ,10-12,38.0,12.6,0,False,False,False
202506010204,4歳以上1勝クラス,2025/01/06,11,16,ニシノリアリティ,3-4,38.8,10.9,0,True,False,False
202506010204,4歳以上1勝クラス,2025/01/06,12,9,ミスエル,5-7,38.7,24.1,0,True,False,False
202506010204,4歳以上1勝クラス,2025/01/06,13,2,ライングッドマン,10-7,38.3,8.1,0,True,True,True
202506010204,4歳以上1勝クラス,2025/01/06,14,5,ネイルンノ,8-7,39.0,168.0,0,False,False,False
202506010204,4歳以上1勝クラス,2025/01/06,15,4,ソングフォーユー,1-1,40.3,38.7,0,False,False,False
202506010204,4歳以上1勝クラス,2025/01/06,16,7,フィーリウスワン,14-14,39.5,673.2,0,False,False,False
202506010205,3歳新馬,2025/01/06,1,9,ストレイトトーカー,1-2-2,35.0,5.3,170,False,False,False
202506010205,3歳新馬,2025/01/06,2,10,ベラジオワールド,4-6-4,34.9,2.3,130,False,False,False
202506010205,3歳新馬,2025/01/06,3,14,ハッピーウィズユー,11-8-7,34.7,16.8,300,False,False,False
202506010205,3歳新馬,2025/01/06,4,1,テンフレッシュ,2-1-1,35.6,7.0,0,False,False,False
202506010205,3歳新馬,2025/01/06,5,12,アルシャンティ,7-9-9,34.8,7.1,0,False,False,False
202506010205,3歳新馬,2025/01/06,6,15,リーフアクアリウム,2-3-2,35.7,34.6,0,False,False,False
202506010205,3歳新馬,2025/01/06,7,11,フェブルアーリア,8-7-7,35.5,19.7,0,False,False,False
202506010205,3歳新馬,2025/01/06,8,4,リアンエターナル,4-4-4,35.9,22.0,0,False,False,False
202506010205,3歳新馬,2025/01/06,9,13,グレイトレッグ,14-13-10,34.7,74.0,0,False,False,False
202506010205,3歳新馬,2025/01/06,10,2,ワキノグラス,4-4-4,36.1,15.7,0,False,False,False
202506010205,3歳新馬,2025/01/06,11,16,キタノヴァルカン,10-11-10,35.3,169.8,0,False,False,False
202506010205,3歳新馬,2025/01/06,12,8,マダムシーファー,8-10-10,35.7,74.7,0,False,False,False
202506010205,3歳新馬,2025/01/06,13,7,コスモナッシュビル,11-13-13,35.6,16.9,0,False,False,False
202506010205,3歳新馬,2025/01/06,14,6,メイプルエイト,11-12-14,36.3,127.0,0,False,False,False
202506010205,3歳新馬,2025/01/06,15,5,アイトカコイトカ,16-15-15,35.7,108.7,0,False,False,False
202506010205,3歳新馬,2025/01/06,16,3,ジーティーアムール,14-16-16,38.2,148.1,0,False,False,False
202506010206,3歳未勝利,2025/01/06,1,16,マイネルゼウス,5-5-4-4,35.2,48.9,850,False,False,False
202506010206,3歳未勝利,2025/01/06,2,10,ディベルティスマン,3-3-2-2,35.5,7.8,300,False,False,False
202506010206,3歳未勝利,2025/01/06,3,3,マキャベリー,5-7-6-6,35.1,12.8,460,True,False,False
202506010206,3歳未勝利,2025/01/06,4,13,ニヴルヘイム,14-14-13-10,34.5,4.8,0,True,False,False
202506010206,3歳未勝利,2025/01/06,5,15,マイネルアレス,11-13-12-10,34.7,29.0,0,True,False,False
202506010206,3歳未勝利,2025/01/06,6,1,サトノアルタイル,5-5-6-6,35.4,14.5,0,False,False,False
202506010206,3歳未勝利,2025/01/06,7,6,アルティテュード,3-3-4-4,35.6,2.0,0,False,False,False
202506010206,3歳未勝利,2025/01/06,8,8,コスモマガラニカ,8-8-9-8,35.1,70.2,0,True,False,False
202506010206,3歳未勝利,2025/01/06,9,11,エターナルシルバー,16-17-15-13,34.9,8.3,0,False,False,False
202506010206,3歳未勝利,2025/01/06,10,7,クモヒトツナイ,2-2-2-1,36.3,20.5,0,True,False,False
202506010206,3歳未勝利,2025/01/06,11,12,エルドジュリエーネ,9-8-8-8,36.0,316.2,0,True,False,False
202506010206,3歳未勝利,2025/01/06,12,2,マイネルアズーロ,10-10-10-13,35.8,60.9,0,False,False,False
202506010206,3歳未勝利,2025/01/06,13,5,パルピタシオン,18-18-17-16,35.3,57.0,0,True,False,False
202506010206,3歳未勝利,2025/01/06,14,14,カズノマリア,15-15-15-15,35.6,252.8,0,False,False,False
202506010206,3歳未勝利,2025/01/06,15,4,フェデルミエール,1-1-1-2,37.4,192.0,0,True,False,False
202506010206,3歳未勝利,2025/01/06,16,18,コウセイケンタロス,11-12-13-16,36.7,417.6,0,True,False,False
202506010206,3歳未勝利,2025/01/06,17,17,グリーティングデー,11-10-10-10,37.1,554.5,0,False,False,False
202506010206,3歳未勝利,2025/01/06,18,9,ギリギリバイター,16-15-17-18,36.7,579.7,0,False,False,False
